Compound name,Compound id,Device id,Publish year,Doi,Journal name,Smiles,Mn(Kda),Dispersity(Đ),π-π Spacing,d(100),Device architectures,Channel length(μm),Channel width(μm),Ratio of channel length and width,Materials of dielectric layer,Thickness of dielectric layer(μm),Capacitance of unit area(nF),Materials of source and drain electrodes,Materials of gate electrodes,Fabrication method,Annealing temperature,Spin coating solvent,Spin coating speed(rpm),Test environment,Type of carriers,HOMO (eV),LUMO (eV),Max hole mobility (cm²V⁻¹s⁻¹),Mean hole mobility (cm²V⁻¹s⁻¹),Hole threshold voltage(V),Hole on and off ratio,Max electron mobility (cm²V⁻¹s⁻¹),Mean electron mobility (cm²V⁻¹s⁻¹),Electron threshold voltage(V),Electron on and off ratio,Max mobility (cm²V⁻¹s⁻¹),Comments
IIDDT,1,1,2012,10.1021/cm300117x,Chemistry of materials,CCCCCCCCCCC(CCCCCCCC)CN1C(=O)/C(=C2/C(=O)N(CC(CCCCCCCC)CCCCCCCCCC)c3cc(-c4ccc(-c5cccs5)s4)ccc32)c2ccccc21,33.7,5.4,3.45,19.85,BG/TC,60.0,3000.0,50.0,OTS-modified SiO2,300.0,11.0,Au,Si,"Spin coating - annealing",150.0,TCB,,Ambient,p,-5.65,-3.78,1.06,0.66,-18.0,1000000-10000000,,,,,1.06,
IID-Se,2,2,2012,10.1021/cm300117x,Chemistry of materials,CCCCCCCCCCC(CCCCCCCC)CN1C(=O)/C(=C2/C(=O)N(CC(CCCCCCCC)CCCCCCCCCC)c3cc(-c4ccc(-c5ccc[se]5)[se]4)ccc32)c2ccccc21,26.7,3.5,3.4,19.74,BG/TC,60.0,3000.0,50.0,OTS-modified SiO2,300.0,11.0,Au,Si,"Spin coating - annealing",160.0,TCB,,Ambient,p,-5.56,-3.79,0.66,0.46,-10.0,100000-1000000,,,,,0.66,
IID-BDT,3,3,2012,10.1021/cm300117x,Chemistry of materials,CCCCCCCCCCC(CCCCCCCC)CN1C(=O)/C(=C2/C(=O)N(CC(CCCCCCCC)CCCCCCCCCC)c3cc(-c4cc5cc6sccc6cc5s4)ccc32)c2ccccc21,27.3,4.7,3.59,19.79,BG/TC,60.0,3000.0,50.0,OTS-modified SiO2,300.0,11.0,Au,Si,"Spin coating - annealing",150.0,TCE,,Ambient,p,-5.84,-3.77,0.48,0.37,-28.0,1000000-10000000,,,,,0.48,
IID-NDT,4,4,2012,10.1021/cm300117x,Chemistry of materials,CCCCCCCCCCC(CCCCCCCC)CN1C(=O)/C(=C2/C(=O)N(CC(CCCCCCCC)CCCCCCCCCC)c3cc(-c4cc5ccc6c(ccc7ccsc76)c5s4)ccc32)c2ccccc21,24.8,3.5,3.65,19.46,BG/TC,60.0,3000.0,50.0,OTS-modified SiO2,300.0,11.0,Au,Si,"Spin coating - annealing",200.0,TCB,,Ambient,p,-5.9,-3.75,0.32,0.25,-30.0,1000000-10000000,,,,,0.32,
IID-TT,5,5,2012,10.1021/cm300117x,Chemistry of materials,CCCCCCCCCCC(CCCCCCCC)CN1C(=O)/C(=C2/C(=O)N(CC(CCCCCCCC)CCCCCCCCCC)c3cc(-c4cc5sccc5s4)ccc32)c2ccccc21,25.5,3.5,,,BG/TC,60.0,3000.0,50.0,OTS-modified SiO2,300.0,11.0,Au,Si,"Spin coating - annealing",150.0,TCE,,Ambient,p,-5.7,-3.73,0.34,0.31,-6.0,100000-1000000,,,,,0.34,
IIDDT-Me,6,6,2012,10.1021/cm300117x,Chemistry of materials,CCCCCCCCCCC(CCCCCCCC)CN1C(=O)/C(=C2/C(=O)N(CC(CCCCCCCC)CCCCCCCCCC)c3cc(-c4cc(C)c(-c5sccc5C)s4)ccc32)c2ccccc21,20.1,3.9,,,BG/TC,60.0,3000.0,50.0,OTS-modified SiO2,300.0,11.0,Au,Si,"Spin coating - annealing",150.0,TCE,,Ambient,p,-5.54,-3.78,0.11,0.091,-5.0,100000-1000000,,,,,0.11,
IIDT,7,7,2012,10.1021/cm300117x,Chemistry of materials,CCCCCCCCCCC(CCCCCCCC)CN1C(=O)/C(=C2/C(=O)N(CC(CCCCCCCC)CCCCCCCCCC)c3cc(-c4cccs4)ccc32)c2ccccc21,19.6,3.1,,21.86,BG/TC,60.0,3000.0,50.0,OTS-modified SiO2,300.0,11.0,Au,Si,"Spin coating - annealing",150.0,TCE,,Ambient,p,-5.8,-3.81,0.019,0.015,-20.0,100000,,,,,0.019,
IID-T3,8,8,2012,10.1021/cm300117x,Chemistry of materials,CCCCCCCCCCC(CCCCCCCC)CN1C(=O)/C(=C2/C(=O)N(CC(CCCCCCCC)CCCCCCCCCC)c3cc(-c4ccc(-c5ccc(-c6cccs6)s5)s4)ccc32)c2ccccc21,38.8,3.4,,,BG/TC,60.0,3000.0,50.0,OTS-modified SiO2,300.0,11.0,Au,Si,"Spin coating - annealing",150.0,TCE,,Ambient,p,-5.48,-3.7,0.061,0.048,-4.0,100000,,,,,0.061,
IID-TTT,9,9,2012,10.1021/cm300117x,Chemistry of materials,CCCCCCCCCCC(CCCCCCCC)CN1C(=O)/C(=C2/C(=O)N(CC(CCCCCCCC)CCCCCCCCCC)c3cc(-c4cc5sc6ccsc6c5s4)ccc32)c2ccccc21,26.6,3.7,,,BG/TC,60.0,3000.0,50.0,OTS-modified SiO2,300.0,11.0,Au,Si,"Spin coating - annealing",200.0,TCE,,Ambient,p,-5.44,-3.72,0.00103,,-4.0,10000,,,,,0.00103,
IID-TBT,10,10,2012,10.1021/cm300117x,Chemistry of materials,CCCCCCCCCCC(CCCCCCCC)CN1C(=O)/C(=C2/C(=O)N(CC(CCCCCCCC)CCCCCCCCCC)c3cc(-c4cc5ccc6ccsc6c5s4)ccc32)c2ccccc21,11.2,2.5,,,BG/TC,60.0,3000.0,50.0,OTS-modified SiO2,300.0,11.0,Au,Si,"Spin coating - annealing",150.0,TCE,,Ambient,p,-5.55,-3.7,0.000135,,-16.0,1000,,,,,0.000135,
PIIDDTE-I,11,11,2013,10.1039/C3PY00735A,Polymer Chemistry,CCCCCCCCCCC(CCCCCCCC)CN1C(=O)/C(=C2/C(=O)N(CC(CCCCCCCC)CCCCCCCCCC)c3cc(-c4ccc(/C=C/c5cccs5)s4)ccc32)c2ccccc21,9.5,2.78,3.94,19.84,BG/TC,100.0,1500.0,15.0,OTS-modified SiO2,300.0,,Au,Si,"Spin coating - annealing",230.0,TCE,1000.0,Ambient,p,-5.44,-3.6,0.38,0.29,-4.0,>1000000,,,,,0.38,
PIIDDTE-II,12,12,2013,10.1039/C3PY00735A,Polymer Chemistry,CCCCCCCCCCCCC(CCCCCCCCCC)CN1C(=O)/C(=C2/C(=O)N(CC(CCCCCCCCCC)CCCCCCCCCCCC)c3cc(-c4ccc(/C=C/c5cccs5)s4)ccc32)c2ccccc21,13.4,7.02,3.86,22.37,BG/TC,100.0,1500.0,15.0,OTS-modified SiO2,300.0,,Au,Si,"Spin coating - annealing",230.0,TCE,1000.0,Ambient,p,-5.54,-3.69,0.58,0.45,1.0,>10000000,,,,,0.58,
PIIDDTE-III,13,13,2013,10.1039/C3PY00735A,Polymer Chemistry,CCCCCCCCCCCCC(CCCCCCCCCC)CN1C(=O)/C(=C2/C(=O)N(CC(CCCCCCCCCC)CCCCCCCCCCCC)c3cc(-c4ccc(/C=C/c5cccs5)s4)ccc32)c2ccccc21,98.8,3.31,3.84,21.46,BG/TC,100.0,1500.0,15.0,OTS-modified SiO2,300.0,,Au,Si,"Spin coating - annealing",230.0,TCE,1000.0,Ambient,p,-5.54,-3.65,2.2,1.7,2.5,>1000000,,,,,2.2,
PIIG-T2,14,14,2019,10.1002/adfm.201805994,Advanced Functional Materials,CCCCCCCCCCC(CCCCCCCC)CN1C(=O)/C(=C2/C(=O)N(CC(CCCCCCCC)CCCCCCCCCC)c3cc(-c4ccc(-c5cccs5)s4)ccc32)c2ccccc21,119.0,3.58,3.81,19.22,TG/BC,,,,PMMA,,,Ni/Au,Al,"Spin coating - annealing",250.0,Chlorobenzene,2000.0,Nitrogen,p,-5.63,-3.99,0.09,,-37.01,,0.01,,49.58,,0.09,
PIIG-iFT2,15,15,2019,10.1002/adfm.201805994,Advanced Functional Materials,CCCCCCCCCCC(CCCCCCCC)CN1C(=O)/C(=C2/C(=O)N(CC(CCCCCCCC)CCCCCCCCCC)c3cc(-c4cc(F)c(-c5sccc5F)s4)ccc32)c2ccccc21,128.0,3.06,3.69,19.32,TG/BC,,,,PMMA,,,Ni/Au,Al,"Spin coating - annealing",250.0,Chlorobenzene,2000.0,Nitrogen,ambipolar,-5.8,-4.17,0.12,,-44.96,,0.05,,43.4,,0.12,
PIIG-oFT2,16,16,2019,10.1002/adfm.201805994,Advanced Functional Materials,CCCCCCCCCCC(CCCCCCCC)CN1C(=O)/C(=C2/C(=O)N(CC(CCCCCCCC)CCCCCCCCCC)c3cc(-c4sc(-c5cc(F)cs5)cc4F)ccc32)c2ccccc21,81.0,3.11,3.64,20.46,TG/BC,,,,PMMA,,,Ni/Au,Al,"Spin coating - annealing",250.0,Chlorobenzene,2000.0,Nitrogen,ambipolar,-5.86,-4.18,0.09,,-41.54,,0.09,,41.98,,0.09,
P2TIF,17,17,2019,10.1021/acsaelm.9b00396,ACS Applied Electronic Materials,CCCCCCCCCCCCC(CCCCCCCCCC)CN1C(=O)/C(=C2/C(=O)N(CC(CCCCCCCCCC)CCCCCCCCCCCC)c3cc(-c4cc(F)c(-c5sccc5F)s4)ccc32)c2ccccc21,109.6,1.35,,23.3,BG/TC,100.0,1000.0,10.0,OTS-modified SiO2,300.0,10.0,Au,Si,"Spin coating - annealing",240.0,Chloroform,800.0,Ambient,p,-5.69,-3.82,0.14,0.12,-25.3,>10000,,,,,0.14,
P4TIF,18,18,2019,10.1021/acsaelm.9b00396,ACS Applied Electronic Materials,CCCCCCCCCCCCc1ccsc1-c1cc(F)c(-c2cc(F)c(-c3sc(-c4ccc5c(c4)N(CC(CCCCCCCCCC)CCCCCCCCCCCC)C(=O)/C5=C4/C(=O)N(CC(CCCCCCCCCC)CCCCCCCCCCCC)c5ccccc54)cc3CCCCCCCCCCCC)s2)s1,142.1,1.6,,26.4,BG/TC,100.0,1000.0,10.0,OTS-modified SiO2,300.0,10.0,Au,Si,"Spin coating - annealing",240.0,Chloroform,800.0,Ambient,p,-5.41,-3.82,0.49,0.41,-7.6,>10000,,,,,0.49,
P6TIF,19,19,2019,10.1021/acsaelm.9b00396,ACS Applied Electronic Materials,CCCCCCCCCCCCc1ccsc1-c1cc(CCCCCCCCCCCC)c(-c2cc(F)c(-c3sc(-c4sc(-c5sc(-c6ccc7c(c6)N(CC(CCCCCCCCCC)CCCCCCCCCCCC)C(=O)/C7=C6/C(=O)N(CC(CCCCCCCCCC)CCCCCCCCCCCC)c7ccccc76)cc5CCCCCCCCCCCC)cc4CCCCCCCCCCCC)cc3F)s2)s1,156.1,1.35,,26.5,BG/TC,100.0,1000.0,10.0,OTS-modified SiO2,300.0,10.0,Au,Si,"Spin coating - annealing",210.0,Chloroform,800.0,Ambient,p,-5.26,-3.83,0.068,0.065,-3.9,>10000,,,,,0.068,
PIDTE-S3,20,20,2015,10.1002/pola.27555,"Journal of Polymer Science, Part A: Polymer Chemistry",CCCCCCCCCCCCC(CCCCCCCCCC)CCCN1C(=O)/C(=C2/C(=O)N(CCCC(CCCCCCCCCC)CCCCCCCCCCCC)c3cc(-c4ccc(/C=C/c5cccs5)s4)ccc32)c2ccccc21,301.0,3.71,3.99,25.83,BG/TC,100.0,1500.0,15.0,OTS-modified SiO2,300.0,,Au,Si,Spin coating,,TCE,1000.0,Ambient,p,-5.49,-3.89,1.06,1.01,-11.0,1000000,,,,,1.06,
PIDTE-S6,21,21,2015,10.1002/pola.27555,"Journal of Polymer Science, Part A: Polymer Chemistry",CCCCCCCCCCCCC(CCCCCCCCCC)CCCCCCN1C(=O)/C(=C2/C(=O)N(CCCCCCC(CCCCCCCCCC)CCCCCCCCCCCC)c3cc(-c4ccc(/C=C/c5cccs5)s4)ccc32)c2ccccc21,326.0,3.61,3.81,29.93,BG/TC,100.0,1500.0,15.0,OTS-modified SiO2,300.0,,Au,Si,Spin coating,,TCE,1000.0,Ambient,p,-5.44,-3.86,1.15,1.09,-4.5,1000000,,,,,1.15,
PIDTE-S3,20,22,2015,10.1002/pola.27555,"Journal of Polymer Science, Part A: Polymer Chemistry",CCCCCCCCCCCCC(CCCCCCCCCC)CCCN1C(=O)/C(=C2/C(=O)N(CCCC(CCCCCCCCCC)CCCCCCCCCCCC)c3cc(-c4ccc(/C=C/c5cccs5)s4)ccc32)c2ccccc21,301.0,3.71,3.99,25.83,BG/TC,100.0,1500.0,15.0,OTS-modified SiO2,300.0,,Au,Si,"Spin coating - annealing",230.0,TCE,1000.0,Ambient,p,-5.49,-3.89,1.89,1.52,-13.0,1000000-10000000,,,,,1.89,
PIDTE-S6,21,23,2015,10.1002/pola.27555,"Journal of Polymer Science, Part A: Polymer Chemistry",CCCCCCCCCCCCC(CCCCCCCCCC)CCCCCCN1C(=O)/C(=C2/C(=O)N(CCCCCCC(CCCCCCCCCC)CCCCCCCCCCCC)c3cc(-c4ccc(/C=C/c5cccs5)s4)ccc32)c2ccccc21,326.0,3.61,3.81,29.93,BG/TC,100.0,1500.0,15.0,OTS-modified SiO2,300.0,,Au,Si,"Spin coating - annealing",230.0,TCE,1000.0,Ambient,p,-5.44,-3.86,4.07,3.85,-6.0,10000000,,,,,4.07,
IID24-CNTVT,22,24,2018,10.1021/acsami.8b03131,ACS Applied Materials & Interfaces,CCCCCCCCCCCCC(CCCCCCCCCC)CN1C(=O)/C(=C2/C(=O)N(CC(CCCCCCCCCC)CCCCCCCCCCCC)c3cc(-c4ccc(/C=C(\C#N)c5cccs5)s4)ccc32)c2ccccc21,66.0,2.15,3.59,23.5,TG/BC,,,,PMMA,,,Ni/Au,Al,"Spin coating - annealing",310.0,DCB:2-Methoxyethanol(9:1),1500.0,Nitrogen,n,-5.17,-3.97,,0.26,,,1.07,0.83,42.0,600,1.07,
P-24-IID-TVT,23,25,2015,10.1039/C5CC02104A,Chemistry Communication,CCCCCCCCCCCCC(CCCCCCCCCC)CN1C(=O)/C(=C2/C(=O)N(CC(CCCCCCCCCC)CCCCCCCCCCCC)c3cc(-c4ccc(/C=C/c5cccs5)s4)ccc32)c2ccccc21,108.0,2.98,,21.8,TG/BC,100.0,1000.0,10.0,OTS-modified SiO2,100.0,,Au,Si,"Spin coating - annealing",170.0,Toluene,2000.0,Nitrogen,p,-5.32,-3.45,1.11,0.86,-2.0,100000,,,,,1.11,
P-24-IID-SVS,24,26,2015,10.1039/C5CC02104A,Chemistry Communication,CCCCCCCCCCCCC(CCCCCCCCCC)CN1C(=O)/C(=C2/C(=O)N(CC(CCCCCCCCCC)CCCCCCCCCCCC)c3cc(-c4ccc(/C=C/c5ccc[se]5)[se]4)ccc32)c2ccccc21,189.0,2.29,,21.8,TG/BC,100.0,1000.0,10.0,OTS-modified SiO2,100.0,,Au,Si,"Spin coating - annealing",170.0,Toluene,2000.0,Nitrogen,p,-5.36,-3.49,0.72,0.47,-8.0,100000,,,,,0.72,
P-29-IID-TVT,25,27,2015,10.1039/C5CC02104A,Chemistry Communication,CCCCCCCCCCCCC(CCCCCCCCCC)CCCCCCN1C(=O)/C(=C2/C(=O)N(CCCCCCC(CCCCCCCCCC)CCCCCCCCCCCC)c3cc(-c4ccc(/C=C/c5cccs5)s4)ccc32)c2ccccc21,81.0,2.72,,27.6,TG/BC,100.0,1000.0,10.0,OTS-modified SiO2,100.0,,Au,Si,"Spin coating - annealing",170.0,Toluene,2000.0,Nitrogen,p,-5.31,-3.44,2.13,1.69,10.0,100000,,,,,2.13,
P-29-IID-SVS,26,28,2015,10.1039/C5CC02104A,Chemistry Communication,CCCCCCCCCCCCC(CCCCCCCCCC)CCCCCCN1C(=O)/C(=C2/C(=O)N(CCCCCCC(CCCCCCCCCC)CCCCCCCCCCCC)c3cc(-c4ccc(/C=C/c5ccc[se]5)[se]4)ccc32)c2ccccc21,295.0,2.36,,27.6,TG/BC,100.0,1000.0,10.0,OTS-modified SiO2,100.0,,Au,Si,"Spin coating - annealing",170.0,Toluene,2000.0,Nitrogen,p,-5.35,-3.48,5.83,5.1,14.0,100000,,,,,5.83,
PIIG-p,27,29,2016,10.1002/adfm.201504908,Advanced Functional Materials,CCCCCCCCCCCCC(CCCCCCCCCC)CN1C(=O)/C(=C2/C(=O)N(CC(CCCCCCCCCC)CCCCCCCCCCCC)c3cc(-c4ccc5ccccc5c4)ccc32)c2ccccc21,72.0,1.25,,20.88,TG/BC,20.0,1000.0,50.0,PMMA,500.0,,Ni/Au,Al,"Spin coating - annealing",250.0,TCB,1400.0,Nitrogen,p,-5.56,-3.59,0.022,0.019,-37.61,,,,,,0.022,
PIIG-T,28,30,2016,10.1002/adfm.201504908,Advanced Functional Materials,CCCCCCCCCCC(CCCCCCCC)CN1C(=O)/C(=C2/C(=O)N(CC(CCCCCCCC)CCCCCCCCCC)c3cc(-c4ccc(-c5cccs5)s4)ccc32)c2ccccc21,34.0,2.69,3.63,19.57,TG/BC,20.0,1000.0,50.0,PMMA,500.0,,Ni/Au,Al,"Spin coating - annealing",250.0,TCB,1400.0,Nitrogen,p,-5.37,-3.59,0.65,0.48,-43.45,,0.034,0.03,45.8,,0.65,
PIIG-VT,29,31,2016,10.1002/adfm.201504908,Advanced Functional Materials,CCCCCCCCCCC(CCCCCCCC)CN1C(=O)/C(=C2/C(=O)N(CC(CCCCCCCC)CCCCCCCCCC)c3cc(-c4ccc(/C=C/c5cccs5)s4)ccc32)c2ccccc21,13.0,1.52,,21.4,TG/BC,20.0,1000.0,50.0,PMMA,500.0,,Ni/Au,Al,"Spin coating - annealing",250.0,TCB,1400.0,Nitrogen,p,-5.4,-3.59,0.00082,0.00057,-41.38,,0.0011,0.00074,23.1,,0.00082,
PIIG-p,27,32,2016,10.1002/adfm.201504908,Advanced Functional Materials,CCCCCCCCCCCCC(CCCCCCCCCC)CN1C(=O)/C(=C2/C(=O)N(CC(CCCCCCCCCC)CCCCCCCCCCCC)c3cc(-c4ccc5ccccc5c4)ccc32)c2ccccc21,72.0,1.25,,20.88,TG/BC,20.0,1000.0,50.0,CYTOP,380.0,,Ni/Au,Al,"Spin coating - annealing",250.0,TCB,1400.0,Nitrogen,p,-5.56,-3.59,0.013,0.011,-28.67,,,,,,0.013,
PIIG-T,28,33,2016,10.1002/adfm.201504908,Advanced Functional Materials,CCCCCCCCCCC(CCCCCCCC)CN1C(=O)/C(=C2/C(=O)N(CC(CCCCCCCC)CCCCCCCCCC)c3cc(-c4ccc(-c5cccs5)s4)ccc32)c2ccccc21,34.0,2.69,3.63,19.57,TG/BC,20.0,1000.0,50.0,CYTOP,380.0,,Ni/Au,Al,"Spin coating - annealing",250.0,TCB,1400.0,Nitrogen,p,-5.37,-3.59,0.86,0.67,-41.01,,0.012,0.0093,58.6,,0.86,
PIIG-VT,29,34,2016,10.1002/adfm.201504908,Advanced Functional Materials,CCCCCCCCCCC(CCCCCCCC)CN1C(=O)/C(=C2/C(=O)N(CC(CCCCCCCC)CCCCCCCCCC)c3cc(-c4ccc(/C=C/c5cccs5)s4)ccc32)c2ccccc21,13.0,1.52,,21.4,TG/BC,20.0,1000.0,50.0,CYTOP,380.0,,Ni/Au,Al,"Spin coating - annealing",250.0,TCB,1400.0,Nitrogen,p,-5.4,-3.59,0.012,0.014,-35.33,,0.00056,0.00049,14.6,,0.012,
PTIIG-Np,30,35,2014,10.1021/ja504537v,Journal of American Chemical Society,CCCCCCCCCCC(CCCCCCCC)CN1C(=O)/C(=C2/C(=O)N(CC(CCCCCCCC)CCCCCCCCCC)c3cc(-c4ccc5ccccc5c4)sc32)c2sccc21,21.0,4.87,3.55,23.6,TG/BC,20.0,1000.0,50.0,PMMA,500.0,6.2,Ni/Au,Al,"Spin coating - annealing",80.0,TCB,2000.0,Nitrogen,p,-5.12,-3.48,0.48,0.22,-53.5,,0.013,0.0098,60.5,,0.48,
PTIIG-Np,30,36,2014,10.1021/ja504537v,Journal of American Chemical Society,CCCCCCCCCCC(CCCCCCCC)CN1C(=O)/C(=C2/C(=O)N(CC(CCCCCCCC)CCCCCCCCCC)c3cc(-c4ccc5ccccc5c4)sc32)c2sccc21,21.0,4.87,3.57,23.7,TG/BC,20.0,1000.0,50.0,PMMA,500.0,6.2,Ni/Au,Al,"Spin coating - annealing",150.0,TCB,2000.0,Nitrogen,p,-5.12,-3.48,0.86,0.43,-54.5,,0.019,0.015,61.0,,0.86,
PTIIG-Np,30,37,2014,10.1021/ja504537v,Journal of American Chemical Society,CCCCCCCCCCC(CCCCCCCC)CN1C(=O)/C(=C2/C(=O)N(CC(CCCCCCCC)CCCCCCCCCC)c3cc(-c4ccc5ccccc5c4)sc32)c2sccc21,21.0,4.87,3.61,23.8,TG/BC,20.0,1000.0,50.0,PMMA,500.0,6.2,Ni/Au,Al,"Spin coating - annealing",200.0,TCB,2000.0,Nitrogen,p,-5.12,-3.48,2.5,1.6,-63.0,,0.03,0.019,63.0,,2.5,
PTIIG-Np,30,38,2014,10.1021/ja504537v,Journal of American Chemical Society,CCCCCCCCCCC(CCCCCCCC)CN1C(=O)/C(=C2/C(=O)N(CC(CCCCCCCC)CCCCCCCCCC)c3cc(-c4ccc5ccccc5c4)sc32)c2sccc21,21.0,4.87,3.63,24.0,TG/BC,20.0,1000.0,50.0,PMMA,500.0,6.2,Ni/Au,Al,"Spin coating - annealing",250.0,TCB,2000.0,Nitrogen,p,-5.12,-3.48,2.4,1.6,-66.5,,0.055,0.042,61.5,,2.4,
PTIIG-Np,30,39,2014,10.1021/ja504537v,Journal of American Chemical Society,CCCCCCCCCCC(CCCCCCCC)CN1C(=O)/C(=C2/C(=O)N(CC(CCCCCCCC)CCCCCCCCCC)c3cc(-c4ccc5ccccc5c4)sc32)c2sccc21,21.0,4.87,3.63,24.0,TG/BC,20.0,1000.0,50.0,PMMA,500.0,6.2,Ni/Au,Al,"Spin coating - annealing",310.0,TCB,2000.0,Nitrogen,p,-5.12,-3.48,5.8,4.9,-77.5,,0.092,0.057,69.5,,5.8,
PTIIG-Np,30,40,2014,10.1021/ja504537v,Journal of American Chemical Society,CCCCCCCCCCC(CCCCCCCC)CN1C(=O)/C(=C2/C(=O)N(CC(CCCCCCCC)CCCCCCCCCC)c3cc(-c4ccc5ccccc5c4)sc32)c2sccc21,21.0,4.87,,,TG/BC,20.0,1000.0,50.0,PMMA,600.0,15.5,Ni/Au,Al,"Spin coating - annealing",310.0,TCB,4000.0,Nitrogen,p,-5.12,-3.48,14.4,12.0,-46.5,,,,,,14.4,
PTIG-co-TT,31,41,2015,10.1039/C4TC02355B,Journal of Materials Chemistry C,CCCCCCCCCCC(CCCCCCCC)CN1C(=O)/C(=C2/C(=O)N(CC(CCCCCCCC)CCCCCCCCCC)c3cc(-c4cc5sccc5s4)sc32)c2sccc21,90.6,2.92,3.43,21.82,BG/BC,10.0,5000.0,500.0,OTS-modified SiO2,200.0,,Au,Si,Spin coating,,TCB,,Nitrogen,p,-5.15,-4.2,0.12,0.1,-0.6,170000,,,,,0.12,
PTIG-co-TT,31,42,2015,10.1039/C4TC02355B,Journal of Materials Chemistry C,CCCCCCCCCCC(CCCCCCCC)CN1C(=O)/C(=C2/C(=O)N(CC(CCCCCCCC)CCCCCCCCCC)c3cc(-c4cc5sccc5s4)sc32)c2sccc21,90.6,2.92,3.43,21.82,BG/BC,10.0,5000.0,500.0,OTS-modified SiO2,200.0,,Au,Si,"Spin coating - annealing",100.0,TCB,,Nitrogen,p,-5.15,-4.2,0.18,0.14,0.1,130000,,,,,0.18,
PTIG-co-TT,31,43,2015,10.1039/C4TC02355B,Journal of Materials Chemistry C,CCCCCCCCCCC(CCCCCCCC)CN1C(=O)/C(=C2/C(=O)N(CC(CCCCCCCC)CCCCCCCCCC)c3cc(-c4cc5sccc5s4)sc32)c2sccc21,90.6,2.92,3.43,21.82,BG/BC,10.0,5000.0,500.0,OTS-modified SiO2,200.0,,Au,Si,"Spin coating - annealing",200.0,TCB,,Nitrogen,p,-5.15,-4.2,0.23,0.21,-0.5,200000,,,,,0.23,
PTIG-co-TT,31,44,2015,10.1039/C4TC02355B,Journal of Materials Chemistry C,CCCCCCCCCCC(CCCCCCCC)CN1C(=O)/C(=C2/C(=O)N(CC(CCCCCCCC)CCCCCCCCCC)c3cc(-c4cc5sccc5s4)sc32)c2sccc21,90.6,2.92,3.43,21.82,BG/BC,20.0,10000.0,500.0,OTS-modified SiO2,200.0,,Au,Si,"Spin coating - annealing",200.0,TCB,,Nitrogen,p,-5.15,-4.2,0.69,0.59,1.5,64000,,,,,0.69,
PTIG-co-TT,31,45,2015,10.1039/C4TC02355B,Journal of Materials Chemistry C,CCCCCCCCCCC(CCCCCCCC)CN1C(=O)/C(=C2/C(=O)N(CC(CCCCCCCC)CCCCCCCCCC)c3cc(-c4cc5sccc5s4)sc32)c2sccc21,90.6,2.92,3.43,21.82,BG/BC,10.0,5000.0,500.0,OTS-modified SiO2,200.0,,Au,Si,"Spin coating - annealing",300.0,TCB,,Nitrogen,p,-5.15,-4.2,0.14,0.13,-1.6,200000,,,,,0.14,
PTIIG-TT,32,46,2016,10.1039/C6TC03693G,Journal of Materials Chemistry C,CCCCCCCCCCC(CCCCCCCC)CN1C(=O)/C(=C2/C(=O)N(CC(CCCCCCCC)CCCCCCCCCC)c3cc(-c4cc5sccc5s4)sc32)c2sccc21,12.1,2.04,3.6,22.1,BG/TC,50.0,875.0,17.5,OTS-modified SiO2,300.0,10.0,Au,Si,Solution shearing,,o-DCB,,Nitrogen,p,-4.84,-3.46,0.11,0.11,17.8,>10000,,,,,0.11,
PTIIG-TT,32,47,2016,10.1039/C6TC03693G,Journal of Materials Chemistry C,CCCCCCCCCCC(CCCCCCCC)CN1C(=O)/C(=C2/C(=O)N(CC(CCCCCCCC)CCCCCCCCCC)c3cc(-c4cc5sccc5s4)sc32)c2sccc21,12.1,2.04,,,BG/TC,50.0,875.0,17.5,OTS-modified SiO2,300.0,10.0,Au,Si,Solution shearing-annealing,260.0,o-DCB,,Nitrogen,p,-4.84,-3.46,0.33,0.31,8.0,>1000,,,,,0.33,
PTIIG-TT,32,48,2016,10.1039/C6TC03693G,Journal of Materials Chemistry C,CCCCCCCCCCC(CCCCCCCC)CN1C(=O)/C(=C2/C(=O)N(CC(CCCCCCCC)CCCCCCCCCC)c3cc(-c4cc5sccc5s4)sc32)c2sccc21,12.1,2.04,3.61,21.4,BG/TC,50.0,875.0,17.5,OTS-modified SiO2,300.0,10.0,Au,Si,Solution shearing-annealing,300.0,o-DCB,,Nitrogen,p,-4.84,-3.46,0.39,0.36,6.2,>1000,,,,,0.39,
PTIIG-TT,32,49,2016,10.1039/C6TC03693G,Journal of Materials Chemistry C,CCCCCCCCCCC(CCCCCCCC)CN1C(=O)/C(=C2/C(=O)N(CC(CCCCCCCC)CCCCCCCCCC)c3cc(-c4cc5sccc5s4)sc32)c2sccc21,12.1,2.04,,,BG/TC,50.0,875.0,17.5,OTS-modified SiO2,300.0,10.0,Au,Si,Drop coating,,o-DCB,,Nitrogen,p,-4.84,-3.46,0.085,0.084,20.1,>1000,,,,,0.085,
PTIIG-TT,32,50,2016,10.1039/C6TC03693G,Journal of Materials Chemistry C,CCCCCCCCCCC(CCCCCCCC)CN1C(=O)/C(=C2/C(=O)N(CC(CCCCCCCC)CCCCCCCCCC)c3cc(-c4cc5sccc5s4)sc32)c2sccc21,12.1,2.04,,,BG/TC,50.0,875.0,17.5,OTS-modified SiO2,300.0,10.0,Au,Si,Drop coating-annealing,260.0,o-DCB,,Nitrogen,p,-4.84,-3.46,0.3,0.27,13.8,>10000,,,,,0.3,
PTIIG-TT,32,51,2016,10.1039/C6TC03693G,Journal of Materials Chemistry C,CCCCCCCCCCC(CCCCCCCC)CN1C(=O)/C(=C2/C(=O)N(CC(CCCCCCCC)CCCCCCCCCC)c3cc(-c4cc5sccc5s4)sc32)c2sccc21,12.1,2.04,,,BG/TC,50.0,875.0,17.5,OTS-modified SiO2,300.0,10.0,Au,Si,Drop coating-annealing,300.0,o-DCB,,Nitrogen,p,-4.84,-3.46,0.33,0.31,12.6,>10000,,,,,0.33,
PTIIG-TVT,33,52,2016,10.1039/C6TC03693G,Journal of Materials Chemistry C,CCCCCCCCCCC(CCCCCCCC)CN1C(=O)/C(=C2/C(=O)N(CC(CCCCCCCC)CCCCCCCCCC)c3cc(-c4ccc(/C=C/c5cccs5)s4)sc32)c2sccc21,20.5,1.96,3.59,20.26,BG/TC,50.0,875.0,17.5,OTS-modified SiO2,300.0,10.0,Au,Si,Solution shearing,,o-DCB,,Nitrogen,p,-4.98,-3.53,0.16,0.15,21.0,>10000,,,,,0.16,
PTIIG-TVT,33,53,2016,10.1039/C6TC03693G,Journal of Materials Chemistry C,CCCCCCCCCCC(CCCCCCCC)CN1C(=O)/C(=C2/C(=O)N(CC(CCCCCCCC)CCCCCCCCCC)c3cc(-c4ccc(/C=C/c5cccs5)s4)sc32)c2sccc21,20.5,1.96,,,BG/TC,50.0,875.0,17.5,OTS-modified SiO2,300.0,10.0,Au,Si,Solution shearing-annealing,260.0,o-DCB,,Nitrogen,p,-4.98,-3.53,0.33,0.32,10.0,>10000,,,,,0.33,
PTIIG-TVT,33,54,2016,10.1039/C6TC03693G,Journal of Materials Chemistry C,CCCCCCCCCCC(CCCCCCCC)CN1C(=O)/C(=C2/C(=O)N(CC(CCCCCCCC)CCCCCCCCCC)c3cc(-c4ccc(/C=C/c5cccs5)s4)sc32)c2sccc21,20.5,1.96,3.57,20.79,BG/TC,50.0,875.0,17.5,OTS-modified SiO2,300.0,10.0,Au,Si,Solution shearing-annealing,300.0,o-DCB,,Nitrogen,p,-4.98,-3.53,0.45,0.4,6.6,>10000,,,,,0.45,
PTIIG-TVT,33,55,2016,10.1039/C6TC03693G,Journal of Materials Chemistry C,CCCCCCCCCCC(CCCCCCCC)CN1C(=O)/C(=C2/C(=O)N(CC(CCCCCCCC)CCCCCCCCCC)c3cc(-c4ccc(/C=C/c5cccs5)s4)sc32)c2sccc21,20.5,1.96,,,BG/TC,50.0,875.0,17.5,OTS-modified SiO2,300.0,10.0,Au,Si,Drop coating,,o-DCB,,Nitrogen,p,-4.98,-3.53,0.13,0.1,11.3,>100000,,,,,0.13,
PTIIG-TVT,33,56,2016,10.1039/C6TC03693G,Journal of Materials Chemistry C,CCCCCCCCCCC(CCCCCCCC)CN1C(=O)/C(=C2/C(=O)N(CC(CCCCCCCC)CCCCCCCCCC)c3cc(-c4ccc(/C=C/c5cccs5)s4)sc32)c2sccc21,20.5,1.96,,,BG/TC,50.0,875.0,17.5,OTS-modified SiO2,300.0,10.0,Au,Si,Drop coating-annealing,260.0,o-DCB,,Nitrogen,p,-4.98,-3.53,0.3,0.29,1.6,>10000,,,,,0.3,
PTIIG-TVT,33,57,2016,10.1039/C6TC03693G,Journal of Materials Chemistry C,CCCCCCCCCCC(CCCCCCCC)CN1C(=O)/C(=C2/C(=O)N(CC(CCCCCCCC)CCCCCCCCCC)c3cc(-c4ccc(/C=C/c5cccs5)s4)sc32)c2sccc21,20.5,1.96,,,BG/TC,50.0,875.0,17.5,OTS-modified SiO2,300.0,10.0,Au,Si,Drop coating-annealing,300.0,o-DCB,,Nitrogen,p,-4.98,-3.53,0.37,0.36,-0.2,>1000,,,,,0.37,
PTIIG-TT,32,58,2016,10.1039/C6TC03693G,Journal of Materials Chemistry C,CCCCCCCCCCC(CCCCCCCC)CN1C(=O)/C(=C2/C(=O)N(CC(CCCCCCCC)CCCCCCCCCC)c3cc(-c4cc5sccc5s4)sc32)c2sccc21,12.1,2.04,3.6,22.1,BG/TC,50.0,875.0,17.5,OTS-modified SiO2,300.0,10.0,Al,Si,Solution shearing,,o-DCB,,Nitrogen,p,-4.84,-3.46,0.19,0.17,-21.4,>10000,0.038,0.032,102.2,>1000,0.19,
PTIIG-TT,32,59,2016,10.1039/C6TC03693G,Journal of Materials Chemistry C,CCCCCCCCCCC(CCCCCCCC)CN1C(=O)/C(=C2/C(=O)N(CC(CCCCCCCC)CCCCCCCCCC)c3cc(-c4cc5sccc5s4)sc32)c2sccc21,12.1,2.04,,,BG/TC,50.0,875.0,17.5,OTS-modified SiO2,300.0,10.0,Al,Si,Solution shearing-annealing,260.0,o-DCB,,Nitrogen,p,-4.84,-3.46,0.25,0.23,-7.2,>10000,0.05,0.041,114.2,>100,0.25,
PTIIG-TT,32,60,2016,10.1039/C6TC03693G,Journal of Materials Chemistry C,CCCCCCCCCCC(CCCCCCCC)CN1C(=O)/C(=C2/C(=O)N(CC(CCCCCCCC)CCCCCCCCCC)c3cc(-c4cc5sccc5s4)sc32)c2sccc21,12.1,2.04,3.61,21.4,BG/TC,50.0,875.0,17.5,OTS-modified SiO2,300.0,10.0,Al,Si,Solution shearing-annealing,300.0,o-DCB,,Nitrogen,p,-4.84,-3.46,0.32,0.3,-11.8,>10000,0.059,0.047,98.7,>1000,0.32,
PTIIG-TVT,33,61,2016,10.1039/C6TC03693G,Journal of Materials Chemistry C,CCCCCCCCCCC(CCCCCCCC)CN1C(=O)/C(=C2/C(=O)N(CC(CCCCCCCC)CCCCCCCCCC)c3cc(-c4ccc(/C=C/c5cccs5)s4)sc32)c2sccc21,20.5,1.96,3.59,20.26,BG/TC,50.0,875.0,17.5,OTS-modified SiO2,300.0,10.0,Al,Si,Solution shearing,,o-DCB,,Nitrogen,p,-4.98,-3.53,0.27,0.25,-10.5,>10000,0.019,0.016,112.7,>100,0.27,
PTIIG-TVT,33,62,2016,10.1039/C6TC03693G,Journal of Materials Chemistry C,CCCCCCCCCCC(CCCCCCCC)CN1C(=O)/C(=C2/C(=O)N(CC(CCCCCCCC)CCCCCCCCCC)c3cc(-c4ccc(/C=C/c5cccs5)s4)sc32)c2sccc21,20.5,1.96,,,BG/TC,50.0,875.0,17.5,OTS-modified SiO2,300.0,10.0,Al,Si,Solution shearing-annealing,260.0,o-DCB,,Nitrogen,p,-4.98,-3.53,0.51,0.47,-13.2,>10000,0.02,0.017,113.5,>100,0.51,
PTIIG-TVT,33,63,2016,10.1039/C6TC03693G,Journal of Materials Chemistry C,CCCCCCCCCCC(CCCCCCCC)CN1C(=O)/C(=C2/C(=O)N(CC(CCCCCCCC)CCCCCCCCCC)c3cc(-c4ccc(/C=C/c5cccs5)s4)sc32)c2sccc21,20.5,1.96,3.57,20.79,BG/TC,50.0,875.0,17.5,OTS-modified SiO2,300.0,10.0,Al,Si,Solution shearing-annealing,300.0,o-DCB,,Nitrogen,p,-4.98,-3.53,0.59,0.49,-26.4,>100000,0.03,0.026,118.7,>100,0.59,
PTIID-TVT,34,64,2015,10.1021/acsami.5b00073,ACS Applied Materials & Interfaces,CCCCCCCCCCCCC(CCCCCCCCCC)CCCCCCN1C(=O)/C(=C2/C(=O)N(CCCCCCC(CCCCCCCCCC)CCCCCCCCCCCC)c3cc(-c4ccc(/C=C/c5cccs5)s4)sc32)c2sccc21,23.0,1.84,3.59,33.3,BG/TC,,,,Cytop-treated SiO2,340.0,8.1,Au,Si,Spin coating,,Chloroform,,vacuum,p,-5.38,-3.76,0.08,0.06,,,0.00014,0.00011,,,0.08,
PTIID-TAT,35,65,2015,10.1021/acsami.5b00073,ACS Applied Materials & Interfaces,CCCCCCCCCCCCC(CCCCCCCCCC)CCCCCCN1C(=O)/C(=C2/C(=O)N(CCCCCCC(CCCCCCCCCC)CCCCCCCCCCCC)c3cc(-c4ccc(C#Cc5cccs5)s4)sc32)c2sccc21,33.0,1.67,3.62,29.8,BG/TC,,,,Cytop-treated SiO2,340.0,8.1,Au,Si,Spin coating,,Chloroform,,vacuum,p,-5.65,-3.78,0.12,0.1,,,0.0061,0.0058,,,0.12,
PTIID-TCNT,36,66,2015,10.1021/acsami.5b00073,ACS Applied Materials & Interfaces,CCCCCCCCCCCCC(CCCCCCCCCC)CCCCCCN1C(=O)/C(=C2/C(=O)N(CCCCCCC(CCCCCCCCCC)CCCCCCCCCCCC)c3cc(-c4ccc(/C(C#N)=C/c5cccs5)s4)sc32)c2sccc21,38.0,1.87,3.55,30.36,BG/TC,,,,Cytop-treated SiO2,340.0,8.1,Au,Si,Spin coating,,Chloroform,,vacuum,n,-5.62,-3.82,0.04,0.03,,,0.09,0.07,,,0.09,
PTIID-TVT,34,67,2015,10.1021/acsami.5b00073,ACS Applied Materials & Interfaces,CCCCCCCCCCCCC(CCCCCCCCCC)CCCCCCN1C(=O)/C(=C2/C(=O)N(CCCCCCC(CCCCCCCCCC)CCCCCCCCCCCC)c3cc(-c4ccc(/C=C/c5cccs5)s4)sc32)c2sccc21,23.0,1.84,3.54,31.02,BG/TC,,,,Cytop-treated SiO2,340.0,8.1,Au,Si,Spin coating - annealing,175.0,Chloroform,,vacuum,p,-5.38,-3.76,0.14,0.12,,,0.0016,0.0015,,,0.14,
PTIID-TAT,35,68,2015,10.1021/acsami.5b00073,ACS Applied Materials & Interfaces,CCCCCCCCCCCCC(CCCCCCCCCC)CCCCCCN1C(=O)/C(=C2/C(=O)N(CCCCCCC(CCCCCCCCCC)CCCCCCCCCCCC)c3cc(-c4ccc(C#Cc5cccs5)s4)sc32)c2sccc21,33.0,1.67,3.62,28.72,BG/TC,,,,Cytop-treated SiO2,340.0,8.1,Au,Si,"Spin coating - annealing",175.0,Chloroform,,vacuum,p,-5.65,-3.78,0.41,0.38,,,0.04,0.03,,,0.41,
PTIID-TCNT,36,69,2015,10.1021/acsami.5b00073,ACS Applied Materials & Interfaces,CCCCCCCCCCCCC(CCCCCCCCCC)CCCCCCN1C(=O)/C(=C2/C(=O)N(CCCCCCC(CCCCCCCCCC)CCCCCCCCCCCC)c3cc(-c4ccc(/C(C#N)=C/c5cccs5)s4)sc32)c2sccc21,38.0,1.87,3.55,30.22,BG/TC,,,,Cytop-treated SiO2,340.0,8.1,Au,Si,"Spin coating - annealing",175.0,Chloroform,,vacuum,n,-5.62,-3.82,0.11,0.07,,,0.22,0.19,,,0.22,
TIIGTVT-C2,37,70,2019,10.1016/j.orgel.2018.11.027,Organic Electronics,CCCCCCCCCCC(CCCCCCCCCC)CCN1C(=O)/C(=C2/C(=O)N(CCC(CCCCCCCCCC)CCCCCCCCCC)c3cc(-c4ccc(/C=C/c5cccs5)s4)sc32)c2sccc21,112.0,1.89,3.57,23.25,BG/TC,100.0,1000.0,10.0,ODTS-modified SiO2,300.0,,Au,Si,"Spin coating - annealing",250.0,Chloroform,4000.0,Ambient,p,,,,0.58,-26.8,50000,,,,,0.58,
TIIGTVT-C3,38,71,2019,10.1016/j.orgel.2018.11.027,Organic Electronics,CCCCCCCCCCC(CCCCCCCCCC)CCCN1C(=O)/C(=C2/C(=O)N(CCCC(CCCCCCCCCC)CCCCCCCCCC)c3cc(-c4ccc(/C=C/c5cccs5)s4)sc32)c2sccc21,111.0,2.13,3.57,23.61,BG/TC,100.0,1000.0,10.0,ODTS-modified SiO2,300.0,,Au,Si,"Spin coating - annealing",250.0,Chloroform,4000.0,Ambient,p,,,,0.86,-23.0,1000,,,,,0.86,
TIIGTVT-C4,39,72,2019,10.1016/j.orgel.2018.11.027,Organic Electronics,CCCCCCCCCCC(CCCCCCCCCC)CCCCN1C(=O)/C(=C2/C(=O)N(CCCCC(CCCCCCCCCC)CCCCCCCCCC)c3cc(-c4ccc(/C=C/c5cccs5)s4)sc32)c2sccc21,25.0,1.86,3.56,24.75,BG/TC,100.0,1000.0,10.0,ODTS-modified SiO2,300.0,,Au,Si,"Spin coating - annealing",250.0,Chloroform,4000.0,Ambient,p,,,,1.15,-4.7,200000,,,,,1.15,
TIIGSVS-C2,40,73,2019,10.1016/j.orgel.2018.11.027,Organic Electronics,CCCCCCCCCCC(CCCCCCCCCC)CCN1C(=O)/C(=C2/C(=O)N(CCC(CCCCCCCCCC)CCCCCCCCCC)c3cc(-c4ccc(/C=C/c5ccc[se]5)[se]4)sc32)c2sccc21,165.0,1.35,3.64,23.6,BG/TC,100.0,1000.0,10.0,ODTS-modified SiO2,300.0,,Au,Si,"Spin coating - annealing",250.0,Chloroform,4000.0,Ambient,p,,,,0.4,-21.0,20000,,,,,0.4,
TIIGSVS-C3,41,74,2019,10.1016/j.orgel.2018.11.027,Organic Electronics,CCCCCCCCCCC(CCCCCCCCCC)CCN1C(=O)/C(=C2/C(=O)N(CCC(CCCCCCCCCC)CCCCCCCCCC)c3cc(-c4ccc(/C=C/c5ccc[se]5)[se]4)sc32)c2sccc21,48.0,1.37,3.63,23.6,BG/TC,100.0,1000.0,10.0,ODTS-modified SiO2,300.0,,Au,Si,"Spin coating - annealing",250.0,Chloroform,4000.0,Ambient,p,,,,0.27,-26.0,20000,,,,,0.27,
TIIGSVS-C4,42,75,2019,10.1016/j.orgel.2018.11.027,Organic Electronics,CCCCCCCCCCC(CCCCCCCCCC)CCCCN1C(=O)/C(=C2/C(=O)N(CCCCC(CCCCCCCCCC)CCCCCCCCCC)c3cc(-c4ccc(/C=C/c5ccc[se]5)[se]4)sc32)c2sccc21,81.0,1.38,3.61,24.75,BG/TC,100.0,1000.0,10.0,ODTS-modified SiO2,300.0,,Au,Si,"Spin coating - annealing",250.0,Chloroform,4000.0,Ambient,p,,,,0.22,-30.9,20000,,,,,0.22,
5DNIID-2T,43,76,2017,10.1002/asia.201601671,Chemistry an Asian Journal,CCCCCCCCCCC(CCCCCCCCCC)CCCCN1C(=O)/C(=C2/C(=O)N(CCCCC(CCCCCCCCCC)CCCCCCCCCC)c3cc(-c4ccc(-c5cccs5)s4)ncc32)c2cnccc21,33.46,2.68,,23.68,BG/TC,60.0,3000.0,50.0,OTS-modified SiO2,300.0,11.0,Au,Si,"Spin coating - annealing",160.0,TCE,,Ambient,p,-5.92,-3.82,0.00127,,25.0,,,,,,0.00127,The author also mentioned that the channel length and width are 60um and 4400mm.
PAIID-BT-C1,44,77,2016,10.1021/acs.chemmater.6b00154,Chemistry of Materials,CCCCCCCCCCCCC(CCCCCCCCCC)CN1C(=O)/C(=C2/C(=O)N(CC(CCCCCCCCCC)CCCCCCCCCCCC)c3nc(-c4ccc(-c5cccs5)s4)ccc32)c2cccnc21,61.1,3.0,3.8,23.2,BG/BC,50.0,1400.0,28.0,OTS-modified SiO2,300.0,,Au,Si,"Spin coating - annealing",180.0,o-DCB,2000.0,Ambient,p,-5.66,-3.62,3.63,2.86,2.4,>10000000,,,,,3.63,
PAIID-BT-C1,44,78,2016,10.1021/acs.chemmater.6b00154,Chemistry of Materials,CCCCCCCCCCCCC(CCCCCCCCCC)CN1C(=O)/C(=C2/C(=O)N(CC(CCCCCCCCCC)CCCCCCCCCCCC)c3nc(-c4ccc(-c5cccs5)s4)ccc32)c2cccnc21,61.1,3.0,3.8,23.2,TG/BC,50.0,1400.0,28.0,PMMA,900.0,,Au,Al,"Spin coating - annealing",180.0,o-DCB,2000.0,Ambient,ambipolar,-5.66,-3.62,0.45,0.28,,,0.47,0.3,,,0.45,
PAIID-BT-C3,45,79,2016,10.1021/acs.chemmater.6b00154,Chemistry of Materials,CCCCCCCCCCC(CCCCCCCCCC)CCCN1C(=O)/C(=C2/C(=O)N(CCCC(CCCCCCCCCC)CCCCCCCCCC)c3nc(-c4ccc(-c5cccs5)s4)ccc32)c2cccnc21,50.6,3.87,3.56,24.5,BG/BC,50.0,1400.0,28.0,OTS-modified SiO2,300.0,,Au,Si,"Spin coating - annealing",180.0,o-DCB,2000.0,Ambient,p,-5.67,-3.64,7.28,6.43,5.4,>10000000,,,,,7.28,
PAIID-BT-C3,45,80,2016,10.1021/acs.chemmater.6b00154,Chemistry of Materials,CCCCCCCCCCC(CCCCCCCCCC)CCCN1C(=O)/C(=C2/C(=O)N(CCCC(CCCCCCCCCC)CCCCCCCCCC)c3nc(-c4ccc(-c5cccs5)s4)ccc32)c2cccnc21,50.6,3.87,3.56,24.5,TG/BC,50.0,1400.0,28.0,PMMA,900.0,,Au,Al,"Spin coating - annealing",180.0,o-DCB,2000.0,Ambient,ambipolar,-5.67,-3.64,2.33,1.89,,,0.78,0.48,,,2.33,
PAIID-TT-C3,46,81,2017,10.1002/aelm.201700078,Advanced Functional Materials,CCCCCCCCCCC(CCCCCCCCCC)CCCN1C(=O)/C(=C2/C(=O)N(CCCC(CCCCCCCCCC)CCCCCCCCCC)c3nc(-c4cc5sccc5s4)ccc32)c2cccnc21,19.8,2.63,3.59,24.5,TG/BC,50.0,1400.0,28.0,PMMA,900.0,,Au,Al,"Spin coating - annealing",180.0,o-DCB,2000.0,Ambient,ambipolar,-5.68,-3.7,1.14,0.78,-15.0,10-100,1.54,1.12,30.0,10-100,1.14,
PAIID-DTE-C3,47,82,2017,10.1002/aelm.201700078,Advanced Functional Materials,CCCCCCCCCCC(CCCCCCCCCC)CCCN1C(=O)/C(=C2/C(=O)N(CCCC(CCCCCCCCCC)CCCCCCCCCC)c3nc(-c4ccc(/C=C/c5cccs5)s4)ccc32)c2cccnc21,116.4,2.49,3.63,23.2,TG/BC,50.0,1400.0,28.0,PMMA,900.0,,Au,Al,"Spin coating - annealing",180.0,o-DCB,2000.0,Ambient,p,-5.56,-3.6,1.91,1.59,-5.0,1000-10000,0.04,0.02,40.0,100-1000,1.91,
PAIID-BS-C3,48,83,2017,10.1002/aelm.201700078,Advanced Functional Materials,CCCCCCCCCCC(CCCCCCCCCC)CCCN1C(=O)/C(=C2/C(=O)N(CCCC(CCCCCCCCCC)CCCCCCCCCC)c3nc(-c4ccc(-c5ccc[se]5)[se]4)ccc32)c2cccnc21,37.7,3.91,3.6,24.3,TG/BC,50.0,1400.0,28.0,PMMA,900.0,,Au,Al,"Spin coating - annealing",140.0,o-DCB,2000.0,Ambient,p,-5.58,-3.66,2.56,2.38,-7.5,1000-10000,0.44,0.32,60.0,100-1000,2.56,
PAIID-DSE-C3,49,84,2017,10.1002/aelm.201700078,Advanced Functional Materials,CCCCCCCCCCC(CCCCCCCCCC)CCCN1C(=O)/C(=C2/C(=O)N(CCCC(CCCCCCCCCC)CCCCCCCCCC)c3nc(-c4ccc(/C=C/c5ccc[se]5)[se]4)ccc32)c2cccnc21,42.4,4.24,3.9,21.9,TG/BC,50.0,1400.0,28.0,PMMA,900.0,,Au,Al,"Spin coating - annealing",140.0,o-DCB,2000.0,Ambient,p,-5.54,-3.65,0.8,0.73,-7.5,1000-10000,0.18,0.14,65.0,100-1000,0.8,
PAIID-FBT,50,85,2019,10.1021/acsami.9b11608,ACS Applied Materials & Interfaces,CCCCCCCCCCC(CCCCCCCCCC)CCCN1C(=O)/C(=C2/C(=O)N(CCCC(CCCCCCCCCC)CCCCCCCCCC)c3nc(-c4cc(F)c(-c5sccc5F)s4)ccc32)c2cccnc21,39.8,3.39,3.53,23.87,TG/BC,30.0,1400.0,46.7,PMMA,650.0,,Au,Al,"Spin coating - annealing",180.0,o-DCB,,Ambient,n,-5.76,-3.64,0.31,0.258,-69.0,1000-10000,2.23,1.84,63.0,10000-100000,2.23,
PAIID-FDTE,51,86,2019,10.1021/acsami.9b11608,ACS Applied Materials & Interfaces,CCCCCCCCCCC(CCCCCCCCCC)CCCN1C(=O)/C(=C2/C(=O)N(CCCC(CCCCCCCCCC)CCCCCCCCCC)c3nc(-c4cc(F)c(/C=C/c5sccc5F)s4)ccc32)c2cccnc21,34.9,3.08,3.51,23.14,TG/BC,30.0,1400.0,46.7,PMMA,650.0,,Au,Al,"Spin coating - annealing",180.0,o-DCB,,Ambient,ambipolar,-5.7,-3.64,3.44,2.94,-87.0,1000-10000,3.88,3.27,77.0,100-1000,3.88,
PAIID-TFBVB-C1,52,87,2019,10.1021/acs.macromol.9b00022,Macromolecules,CCCCCCCCCCC(CCCCCCCCCC)CN1C(=O)/C(=C2/C(=O)N(CC(CCCCCCCCCC)CCCCCCCCCC)c3nc(-c4ccc(/C=C/c5ccccc5C(F)(F)F)c(C(F)(F)F)c4)ccc32)c2cccnc21,26.06,1.48,3.55,20.74,TG/BC,80.0,8800.0,110.0,PMMA,,,Au/Ti,Al,Spin coating,,o-DCB,2500.0,Ambient,n,-6.23,-3.69,,,,,0.00059,0.00036,40.0,10000,0.00059,
PAIID-TFBVB-C1,52,88,2019,10.1021/acs.macromol.9b00022,Macromolecules,CCCCCCCCCCC(CCCCCCCCCC)CN1C(=O)/C(=C2/C(=O)N(CC(CCCCCCCCCC)CCCCCCCCCC)c3nc(-c4ccc(/C=C/c5ccccc5C(F)(F)F)c(C(F)(F)F)c4)ccc32)c2cccnc21,26.06,1.48,3.51,21.41,TG/BC,80.0,8800.0,110.0,PMMA,,,Au/Ti,Al,"Spin coating - annealing",280.0,o-DCB,2500.0,Ambient,n,-6.23,-3.69,,,,,0.11,0.07,40.0,10000,0.11,
PAIID-TFBVB-C3,53,89,2019,10.1021/acs.macromol.9b00022,Macromolecules,CCCCCCCCCCC(CCCCCCCCCC)CCCN1C(=O)/C(=C2/C(=O)N(CCCC(CCCCCCCCCC)CCCCCCCCCC)c3nc(-c4ccc(/C=C/c5ccccc5C(F)(F)F)c(C(F)(F)F)c4)ccc32)c2cccnc21,32.16,1.95,3.46,21.59,TG/BC,80.0,8800.0,110.0,PMMA,,,Au/Ti,Al,Spin coating,,o-DCB,2500.0,Ambient,n,-6.18,-3.61,,,,,0.00088,0.00059,30.0,10000,0.00088,
PAIID-TFBVB-C3,53,90,2019,10.1021/acs.macromol.9b00022,Macromolecules,CCCCCCCCCCC(CCCCCCCCCC)CCCN1C(=O)/C(=C2/C(=O)N(CCCC(CCCCCCCCCC)CCCCCCCCCC)c3nc(-c4ccc(/C=C/c5ccccc5C(F)(F)F)c(C(F)(F)F)c4)ccc32)c2cccnc21,32.16,1.95,3.45,21.41,TG/BC,80.0,8800.0,110.0,PMMA,,,Au/Ti,Al,"Spin coating - annealing",280.0,o-DCB,2500.0,Ambient,n,-6.18,-3.61,,,,,0.04,0.02,37.0,100000,0.04,
PAIID-BVB-C3,54,91,2019,10.1021/acs.macromol.9b00022,Macromolecules,CCCCCCCCCCC(CCCCCCCCCC)CCCN1C(=O)/C(=C2/C(=O)N(CCCC(CCCCCCCCCC)CCCCCCCCCC)c3nc(-c4ccc(/C=C/c5ccccc5)cc4)ccc32)c2cccnc21,55.35,2.32,3.38,21.94,TG/BC,80.0,8800.0,110.0,PMMA,,,Au/Ti,Al,Spin coating,,o-DCB,2500.0,Ambient,p,-5.73,-3.47,0.047,0.036,-45.0,100000,,,,,0.047,
PAIID-BVB-C3,54,92,2019,10.1021/acs.macromol.9b00022,Macromolecules,CCCCCCCCCCC(CCCCCCCCCC)CCCN1C(=O)/C(=C2/C(=O)N(CCCC(CCCCCCCCCC)CCCCCCCCCC)c3nc(-c4ccc(/C=C/c5ccccc5)cc4)ccc32)c2cccnc21,55.35,2.32,3.4,22.5,TG/BC,80.0,8800.0,110.0,PMMA,,,Au/Ti,Al,"Spin coating - annealing",140.0,o-DCB,2500.0,Ambient,p,-5.73,-3.47,0.14,0.09,-40.0,100000,,,,,0.14,
PIID-CNTVT-C1,55,93,2019,10.1021/acsami.9b07863,ACS Applied Materials & Interfaces,CCCCCCCCCCCCC(CCCCCCCCCC)CN1C(=O)/C(=C2/C(=O)N(CC(CCCCCCCCCC)CCCCCCCCCCCC)c3cc(-c4ccc(/C=C(\C#N)c5cccs5)s4)ccc32)c2ccccc21,16.1,2.12,3.56,22.63,TG/BC,50.0,1400.0,28.0,PMMA,1000.0,,Au,Al,"Spin coating - annealing",,Chloroform,3000.0,Nitrogen,ambipolar,-5.54,-3.56,1.22,1.14,-57.0,100-1000,0.63,0.59,35.0,100-1000,1.22,"The author mentions that annealing takes place at an ""appropriate temperature"""
PIID-CNTVT-C3,56,94,2019,10.1021/acsami.9b07863,ACS Applied Materials & Interfaces,CCCCCCCCCCCCC(CCCCCCCCCC)CCCN1C(=O)/C(=C2/C(=O)N(CCCC(CCCCCCCCCC)CCCCCCCCCCCC)c3cc(-c4ccc(/C=C(\C#N)c5cccs5)s4)ccc32)c2ccccc21,21.3,2.35,3.51,23.97,TG/BC,50.0,1400.0,28.0,PMMA,1000.0,,Au,Al,"Spin coating - annealing",,Chloroform,3000.0,Nitrogen,ambipolar,-5.62,-3.58,0.67,0.52,-55.0,100-1000,0.36,0.32,32.0,100-1000,0.67,
PAIID-CNTVT-C1 ,57,95,2019,10.1021/acsami.9b07863,ACS Applied Materials & Interfaces,CCCCCCCCCCCCC(CCCCCCCCCC)CN1C(=O)/C(=C2/C(=O)N(CC(CCCCCCCCCC)CCCCCCCCCCCC)c3nc(-c4ccc(/C=C(\C#N)c5cccs5)s4)ccc32)c2cccnc21,18.0,1.95,3.63,22.36,TG/BC,50.0,1400.0,28.0,PMMA,1000.0,,Au,Al,"Spin coating - annealing",,Chloroform,3000.0,Nitrogen,ambipolar,-5.75,-3.66,0.3,0.22,-50.0,1000,3.01,1.74,53.0,10000,3.01,
PAIID-CNTVT-C3,58,96,2019,10.1021/acsami.9b07863,ACS Applied Materials & Interfaces,CCCCCCCCCCCCC(CCCCCCCCCC)CCCN1C(=O)/C(=C2/C(=O)N(CCCC(CCCCCCCCCC)CCCCCCCCCCCC)c3nc(-c4ccc(/C=C(\C#N)c5cccs5)s4)ccc32)c2cccnc21,23.8,2.1,3.51,23.58,TG/BC,50.0,1400.0,28.0,PMMA,1000.0,,Au,Al,"Spin coating - annealing",,Chloroform,3000.0,Nitrogen,ambipolar,-5.77,-3.72,0.4,0.36,-46.0,1000-10000,1.01,0.91,38.0,1000-10000,1.01,
PFII2T,59,97,2012,10.1021/ja310283f,Journal of American Chemical Society,CCCCCCCCCCCCCCC(CCCCCCCCCCCCCC)CCCN1C(=O)/C(=C2/C(=O)N(CCCC(CCCCCCCCCCCCCC)CCCCCCCCCCCCCC)c3c2ccc(-c2ccc(-c4cccs4)s2)c3F)c2cccc(F)c21,75.7,2.58,3.55,29.0,TG/BC,50.0,1000.0,20.0,CYTOP,500.0,3.7,Au/Ti,Al,"Spin coating - annealing",180.0,o-DCB,1500.0,Ambient,ambipolar,-5.46,-3.96,1.25,1.13,-40.0,100000-1000000,0.51,0.49,32.0,100000-1000000,1.25,Devices fabricated in glovebox
PFII2T,59,98,2012,10.1021/ja310283f,Journal of American Chemical Society,CCCCCCCCCCCCCCC(CCCCCCCCCCCCCC)CCCN1C(=O)/C(=C2/C(=O)N(CCCC(CCCCCCCCCCCCCC)CCCCCCCCCCCCCC)c3c2ccc(-c2ccc(-c4cccs4)s2)c3F)c2cccc(F)c21,75.7,2.58,3.55,29.0,TG/BC,50.0,1000.0,20.0,CYTOP,500.0,3.7,Au/Ti,Al,"Spin coating - annealing",180.0,o-DCB,1500.0,Ambient,ambipolar,-5.46,-3.96,1.85,1.41,-38.0,1000000-10000000,0.43,0.38,30.0,100000-1000000,1.85,Device fabricated in ambient conditions.
PII2T,60,99,2012,10.1021/ja310283f,Journal of American Chemical Society,CCCCCCCCCCCCCCC(CCCCCCCCCCCCCC)CCCN1C(=O)/C(=C2/C(=O)N(CCCC(CCCCCCCCCCCCCC)CCCCCCCCCCCCCC)c3cc(-c4ccc(-c5cccs5)s4)ccc32)c2ccccc21,72.8,1.95,3.56,28.8,TG/BC,50.0,1000.0,20.0,CYTOP,500.0,3.7,Au/Ti,Al,"Spin coating - annealing",180.0,o-DCB,1500.0,Ambient,p,-5.31,-3.74,0.76,0.66,-35.0,1000000-10000000,0.07,0.06,25.0,100000-1000000,0.76,
PII2T,60,100,2012,10.1021/ja310283f,Journal of American Chemical Society,CCCCCCCCCCCCCCC(CCCCCCCCCCCCCC)CCCN1C(=O)/C(=C2/C(=O)N(CCCC(CCCCCCCCCCCCCC)CCCCCCCCCCCCCC)c3cc(-c4ccc(-c5cccs5)s4)ccc32)c2ccccc21,72.8,1.95,3.56,28.8,TG/BC,50.0,1000.0,20.0,CYTOP,500.0,3.7,Au/Ti,Al,"Spin coating - annealing",180.0,o-DCB,1500.0,Ambient,p,-5.31,-3.74,1.44,1.27,-14.0,100000-1000000,0.01,0.004,36.0,100000-1000000,1.44,
PIID-DiCNTVT,61,101,2020,10.1039/d0py01399d,Polymer Chemistry,CCCCCCCCCCC(CCCCCCCCCC)CCCN1C(=O)/C(=C2/C(=O)N(CCCC(CCCCCCCCCC)CCCCCCCCCC)c3cc(-c4cc(C#N)c(/C=C/c5sccc5C#N)s4)ccc32)c2ccccc21,65.36,3.23,3.63,,TG/BC,50.0,6000.0,120.0,PMMA,850.0,3.5,Au,Al,Spin coating,,o-DCB,,Ambient,n,-5.98,-3.65,,,,,0.25,0.19,49.0,10000,0.25,
PAIID-DiCNTVT,62,102,2020,10.1039/d0py01399d,Polymer Chemistry,CCCCCCCCCCC(CCCCCCCCCC)CCCN1C(=O)/C(=C2/C(=O)N(CCCC(CCCCCCCCCC)CCCCCCCCCC)c3nc(-c4cc(C#N)c(/C=C/c5sccc5C#N)s4)ccc32)c2cccnc21,46.89,3.25,3.61,,TG/BC,50.0,6000.0,120.0,PMMA,850.0,3.5,Au,Al,Spin coating,,o-DCB,,Ambient,n,-6.15,-3.81,,,,,0.62,0.36,30.0,100000,0.62,
PFIID-DiCNTVT,63,103,2020,10.1039/d0py01399d,Polymer Chemistry,CCCCCCCCCCC(CCCCCCCCCC)CCCN1C(=O)/C(=C2/C(=O)N(CCCC(CCCCCCCCCC)CCCCCCCCCC)c3c2ccc(-c2cc(C#N)c(/C=C/c4sccc4C#N)s2)c3F)c2cccc(F)c21,48.14,3.84,3.59,,TG/BC,50.0,6000.0,120.0,PMMA,850.0,3.5,Au,Al,Spin coating,,o-DCB,,Ambient,n,-6.12,-3.82,,,,,0.52,0.27,34.0,10000,0.52,
PIID-DiCNTVT,61,104,2020,10.1039/d0py01399d,Polymer Chemistry,CCCCCCCCCCC(CCCCCCCCCC)CCCN1C(=O)/C(=C2/C(=O)N(CCCC(CCCCCCCCCC)CCCCCCCCCC)c3cc(-c4cc(C#N)c(/C=C/c5sccc5C#N)s4)ccc32)c2ccccc21,65.36,3.23,3.59,,TG/BC,50.0,6000.0,120.0,PMMA,850.0,3.5,Au,Al,"Spin coating - annealing",300.0,o-DCB,,Ambient,n,-5.98,-3.65,,,,,0.62,0.51,37.0,100000,0.62,
PAIID-DiCNTVT,62,105,2020,10.1039/d0py01399d,Polymer Chemistry,CCCCCCCCCCC(CCCCCCCCCC)CCCN1C(=O)/C(=C2/C(=O)N(CCCC(CCCCCCCCCC)CCCCCCCCCC)c3nc(-c4cc(C#N)c(/C=C/c5sccc5C#N)s4)ccc32)c2cccnc21,46.89,3.25,3.57,,TG/BC,50.0,6000.0,120.0,PMMA,850.0,3.5,Au,Al,"Spin coating - annealing",300.0,o-DCB,,Ambient,n,-6.15,-3.81,,,,,1.58,1.13,39.0,100000,1.58,
PFIID-DiCNTVT,63,106,2020,10.1039/d0py01399d,Polymer Chemistry,CCCCCCCCCCC(CCCCCCCCCC)CCCN1C(=O)/C(=C2/C(=O)N(CCCC(CCCCCCCCCC)CCCCCCCCCC)c3c2ccc(-c2cc(C#N)c(/C=C/c4sccc4C#N)s2)c3F)c2cccc(F)c21,48.14,3.84,3.55,,TG/BC,50.0,6000.0,120.0,PMMA,850.0,3.5,Au,Al,"Spin coating - annealing",300.0,o-DCB,,Ambient,n,-6.12,-3.82,,,,,0.66,0.54,31.0,100000,0.66,
PFIBI-BT,64,107,2019,10.1002/adma.201805761,Advanced Materials,CCCCCCCCCCC(CCCCCCCCCC)CCCN1C(=O)/C(=C2/C(=O)N(CCCC(CCCCCCCCCC)CCCCCCCCCC)c3c2ccc(-c2cc(F)c(-c4sc(-c5ccc6c(c5F)N(CCCC(CCCCCCCCCC)CCCCCCCCCC)C(=O)/C6=C5/C(=O)N(CCCC(CCCCCCCCCC)CCCCCCCCCC)c6c5ccc(-c5ccc(-c7cccs7)s5)c6F)cc4F)s2)c3F)c2cccc(F)c21,51.7,3.75,3.58,23.57,BG/TC,50.0,2000.0,40.0,PMMA,800.0,,Au,Al,"Spin coating - annealing",160.0,chlorobenzene,,Ambient,ambipolar,-5.01,-3.5,0.8,0.6,-38.0,100000,0.6,0.4,90.0,10000,0.8,
PFIBI-BT,64,108,2019,10.1002/adma.201805761,Advanced Materials,CCCCCCCCCCC(CCCCCCCCCC)CCCN1C(=O)/C(=C2/C(=O)N(CCCC(CCCCCCCCCC)CCCCCCCCCC)c3c2ccc(-c2cc(F)c(-c4sc(-c5ccc6c(c5F)N(CCCC(CCCCCCCCCC)CCCCCCCCCC)C(=O)/C6=C5/C(=O)N(CCCC(CCCCCCCCCC)CCCCCCCCCC)c6c5ccc(-c5ccc(-c7cccs7)s5)c6F)cc4F)s2)c3F)c2cccc(F)c21,51.7,3.75,3.54,25.56,BG/TC,50.0,2000.0,40.0,PMMA,800.0,,Au,Al, Bar-coating (para),160.0,chlorobenzene,,Ambient,ambipolar,-5.01,-3.5,5.5,5.1,-35.0,100000,4.5,4.2,82.5,1000,5.5,
PFIBI-BT,64,109,2019,10.1002/adma.201805761,Advanced Materials,CCCCCCCCCCC(CCCCCCCCCC)CCCN1C(=O)/C(=C2/C(=O)N(CCCC(CCCCCCCCCC)CCCCCCCCCC)c3c2ccc(-c2cc(F)c(-c4sc(-c5ccc6c(c5F)N(CCCC(CCCCCCCCCC)CCCCCCCCCC)C(=O)/C6=C5/C(=O)N(CCCC(CCCCCCCCCC)CCCCCCCCCC)c6c5ccc(-c5ccc(-c7cccs7)s5)c6F)cc4F)s2)c3F)c2cccc(F)c21,51.7,3.75,,25.57,BG/TC,50.0,2000.0,40.0,PMMA,800.0,,Au,Al, Bar-coating (perp),160.0,chlorobenzene,,Ambient,ambipolar,-5.01,-3.5,1.8,1.5,-47.0,10000,1.1,1.0,79.0,1000,1.8,
PII2T,60,110,2013,10.1039/c3sc50245g,Chemical Science,CCCCCCCCCCCCCCC(CCCCCCCCCCCCCC)CCCN1C(=O)/C(=C2/C(=O)N(CCCC(CCCCCCCCCCCCCC)CCCCCCCCCCCCCC)c3cc(-c4ccc(-c5cccs5)s4)ccc32)c2ccccc21,72.8,1.95,3.56,28.8,TG/BC,50.0,1000.0,20.0,Cytop,500.0,3.7,Au/Ti,Al,"Spin coating - annealing",180.0,o-DCB,1500.0,Ambient,p,-5.42,-3.7,0.76,0.66,-35.0,10000-100000,0.07,0.06,25.0,100-1000,0.76,Devices fabricated in glovebox
PCII2T,65,111,2013,10.1039/c3sc50245g,Chemical Science,CCCCCCCCCCCCCCC(CCCCCCCCCCCCCC)CCCN1C(=O)/C(=C2/C(=O)N(CCCC(CCCCCCCCCCCCCC)CCCCCCCCCCCCCC)c3cc(-c4ccc(-c5cccs5)s4)c(Cl)cc32)c2cc(Cl)ccc21,60.3,2.11,3.57,28.8,TG/BC,50.0,1000.0,20.0,Cytop,500.0,3.7,Au/Ti,Al,"Spin coating - annealing",180.0,o-DCB,1500.0,Ambient,ambipolar,-5.64,-3.86,0.5,0.38,-70.0,10000-100000,0.62,0.42,29.0,10-100,0.5,Devices fabricated in glovebox
PCII2Se,66,112,2013,10.1039/c3sc50245g,Chemical Science,CCCCCCCCCCCCCCC(CCCCCCCCCCCCCC)CCCN1C(=O)/C(=C2/C(=O)N(CCCC(CCCCCCCCCCCCCC)CCCCCCCCCCCCCC)c3cc(-c4ccc(-c5ccc[se]5)[se]4)c(Cl)cc32)c2cc(Cl)ccc21,58.6,2.13,3.56,29.0,TG/BC,50.0,1000.0,20.0,Cytop,500.0,3.7,Au/Ti,Al,"Spin coating - annealing",180.0,o-DCB,1500.0,Ambient,ambipolar,-5.57,-3.84,1.05,0.85,-68.0,100000-1000000,0.72,0.62,27.0,100000-1000000,1.05,Devices fabricated in glovebox
PII2T,60,113,2013,10.1039/c3sc50245g,Chemical Science,CCCCCCCCCCCCCCC(CCCCCCCCCCCCCC)CCCN1C(=O)/C(=C2/C(=O)N(CCCC(CCCCCCCCCCCCCC)CCCCCCCCCCCCCC)c3cc(-c4ccc(-c5cccs5)s4)ccc32)c2ccccc21,72.8,1.95,3.56,28.8,TG/BC,50.0,1000.0,20.0,Cytop,500.0,3.7,Au/Ti,Al,"Spin coating - annealing",180.0,o-DCB,1500.0,Ambient,p,-5.42,-3.7,1.44,1.27,-14.0,100000-1000000,0.01,0.004,36.0,10-100,1.44,Device fabricated in ambient conditions.??n?????
PCII2T,65,114,2013,10.1039/c3sc50245g,Chemical Science,CCCCCCCCCCCCCCC(CCCCCCCCCCCCCC)CCCN1C(=O)/C(=C2/C(=O)N(CCCC(CCCCCCCCCCCCCC)CCCCCCCCCCCCCC)c3cc(-c4ccc(-c5cccs5)s4)c(Cl)cc32)c2cc(Cl)ccc21,60.3,2.11,3.57,28.8,TG/BC,50.0,1000.0,20.0,Cytop,500.0,3.7,Au/Ti,Al,"Spin coating - annealing",180.0,o-DCB,1500.0,Ambient,ambipolar,-5.64,-3.86,0.54,0.51,-26.0,10000-100000,0.48,0.42,36.0,10000-100000,0.54,Device fabricated in ambient conditions.
PCII2Se,66,115,2013,10.1039/c3sc50245g,Chemical Science,CCCCCCCCCCCCCCC(CCCCCCCCCCCCCC)CCCN1C(=O)/C(=C2/C(=O)N(CCCC(CCCCCCCCCCCCCC)CCCCCCCCCCCCCC)c3cc(-c4ccc(-c5ccc[se]5)[se]4)c(Cl)cc32)c2cc(Cl)ccc21,58.6,2.13,3.56,29.0,TG/BC,50.0,1000.0,20.0,Cytop,500.0,3.7,Au/Ti,Al,"Spin coating - annealing",180.0,o-DCB,1500.0,Ambient,ambipolar,-5.57,-3.84,0.81,0.54,-38.0,100000-1000000,0.66,0.58,47.0,100000-1000000,0.81,Device fabricated in ambient conditions.
PCIBT,67,116,2019,10.1021/acsapm.8b00019,ACS Applied Polymer Materials,CCCCCCCCCCCCC(CCCCCCCCCC)CN1C(=O)/C(=C2/C(=O)N(CC(CCCCCCCCCC)CCCCCCCCCCCC)c3cc(-c4ccc(-c5cccs5)s4)c(Cl)cc32)c2cc(Cl)ccc21,44.0,2.6,,27.1,TG/BC,10.0,1000.0,100.0,PMMA,480.0,,Ni/Au,Al,Spin coating,,TCE,,Nitrogen,ambipolar,-5.54,-3.63,0.07,0.06,-33.1,>1000,0.14,0.12,23.5,>1000,0.14,
PCITV,68,117,2019,10.1021/acsapm.8b00019,ACS Applied Polymer Materials,CCCCCCCCCCCCC(CCCCCCCCCC)CN1C(=O)/C(=C2/C(=O)N(CC(CCCCCCCCCC)CCCCCCCCCCCC)c3cc(-c4ccc(/C=C/c5cccs5)s4)c(Cl)cc32)c2cc(Cl)ccc21,55.0,2.3,3.7,26.2,TG/BC,10.0,1000.0,100.0,PMMA,480.0,,Ni/Au,Al,Spin coating,,TCE,,Nitrogen,ambipolar,-5.35,-3.63,0.07,0.07,-33.0,>1000,0.1,0.08,19.5,>10000,0.1,
PCIBT,67,118,2019,10.1021/acsapm.8b00019,ACS Applied Polymer Materials,CCCCCCCCCCCCC(CCCCCCCCCC)CN1C(=O)/C(=C2/C(=O)N(CC(CCCCCCCCCC)CCCCCCCCCCCC)c3cc(-c4ccc(-c5cccs5)s4)c(Cl)cc32)c2cc(Cl)ccc21,44.0,2.6,,27.2,TG/BC,10.0,1000.0,100.0,PMMA,480.0,,Ni/Au,Al,"Spin coating - annealing",250.0,TCE,,Nitrogen,ambipolar,-5.54,-3.63,0.38,0.25,-39.5,>1000,1.7,1.23,35.4,>1000,1.7,
PCITV,68,119,2019,10.1021/acsapm.8b00019,ACS Applied Polymer Materials,CCCCCCCCCCCCC(CCCCCCCCCC)CN1C(=O)/C(=C2/C(=O)N(CC(CCCCCCCCCC)CCCCCCCCCCCC)c3cc(-c4ccc(/C=C/c5cccs5)s4)c(Cl)cc32)c2cc(Cl)ccc21,55.0,2.3,3.8,25.5,TG/BC,10.0,1000.0,100.0,PMMA,480.0,,Ni/Au,Al,"Spin coating - annealing",250.0,TCE,,Nitrogen,ambipolar,-5.35,-3.63,0.1,0.08,-40.5,>1000,0.39,0.28,27.9,>1000,0.39,
F-IIDT,69,120,2015,10.1021/acs.macromol.5b01074,Macromolecules,CCCCCCCCCCCCc1cc(-c2ccc3c(c2F)N(CC(CCCCCCCCCC)CCCCCCCCCCCC)C(=O)/C3=C2/C(=O)N(CC(CCCCCCCCCC)CCCCCCCCCCCC)c3c2ccc(-c2cc(CCCCCCCCCCCC)c(-c4cccs4)s2)c3F)sc1-c1cccs1,39.7,2.3,4.14,23.22,TG/BC,60.0,2400.0,40.0,OTS-modified SiO2,300.0,,Ag,Si,"Spin coating - annealing",180.0,Chloroform,,Ambient,p,-5.51,-3.92,0.75,0.69,-24.1,,,,,,0.75,
Cl-IIDT,70,121,2015,10.1021/acs.macromol.5b01074,Macromolecules,CCCCCCCCCCCCc1cc(-c2cc3c(cc2Cl)/C(=C2\C(=O)N(CC(CCCCCCCCCC)CCCCCCCCCCCC)c4cc(-c5cc(CCCCCCCCCCCC)c(-c6cccs6)s5)c(Cl)cc42)C(=O)N3CC(CCCCCCCCCC)CCCCCCCCCCCC)sc1-c1cccs1,30.1,2.44,4.25,23.22,TG/BC,60.0,2400.0,40.0,OTS-modified SiO2,300.0,,Ag,Si,"Spin coating - annealing",180.0,Chloroform,,Ambient,p,-5.53,-3.85,0.1,0.08,-18.4,,,,,,0.1,
P(TzII-TTT),71,122,2018,10.1002/chem.201801432,Chemistry a European Journal,CCCCCCCCCCCCCCC(CCCCCCCCCCCCCC)CCCN1C(=O)/C(=C2/C(=O)N(CCCC(CCCCCCCCCCCCCC)CCCCCCCCCCCCCC)c3nc(-c4ccc(-c5ccc(-c6cccs6)s5)s4)sc32)c2scnc21,71.1,,3.49,,TG/BC,,,,Cytop,,3.7,Au,Al,"Spin coating - annealing",180.0,o-DCB,,Ambient,ambipolar,-5.13,-3.58,3.93,3.31,,,1.07,0.76,,,3.93,
P(TzII-TTT),71,123,2018,10.1002/chem.201801432,Chemistry a European Journal,CCCCCCCCCCCCCCC(CCCCCCCCCCCCCC)CCCN1C(=O)/C(=C2/C(=O)N(CCCC(CCCCCCCCCCCCCC)CCCCCCCCCCCCCC)c3nc(-c4ccc(-c5ccc(-c6cccs6)s5)s4)sc32)c2scnc21,71.1,,3.49,,BG/TC,,,,OTS-modified SiO2,300.0,11.0,Au,Si,"Spin coating - annealing",180.0,o-DCB,,Ambient,p,-5.13,-3.58,3.41,2.4,,,,,,,3.41,
P(TzII-TTT),71,124,2018,10.1002/chem.201801432,Chemistry a European Journal,CCCCCCCCCCCCCCC(CCCCCCCCCCCCCC)CCCN1C(=O)/C(=C2/C(=O)N(CCCC(CCCCCCCCCCCCCC)CCCCCCCCCCCCCC)c3nc(-c4ccc(-c5ccc(-c6cccs6)s5)s4)sc32)c2scnc21,71.1,,3.43,,TG/BC,,,,Cytop,,3.7,Au,Al,"Spin coating - annealing",180.0,TCE,,Ambient,ambipolar,-5.13,-3.58,0.51,0.41,,,0.68,0.46,,,0.68,
P(TzII-TTT),71,125,2018,10.1002/chem.201801432,Chemistry a European Journal,CCCCCCCCCCCCCCC(CCCCCCCCCCCCCC)CCCN1C(=O)/C(=C2/C(=O)N(CCCC(CCCCCCCCCCCCCC)CCCCCCCCCCCCCC)c3nc(-c4ccc(-c5ccc(-c6cccs6)s5)s4)sc32)c2scnc21,71.1,,3.43,,BG/TC,,,,OTS-modified SiO2,300.0,11.0,Au,Si,"Spin coating - annealing",180.0,TCE,,Ambient,p,-5.13,-3.58,4.34,3.2,,,,,,,4.34,
BDOPV-2T,72,126,2013,10.1002/adma.201302278,Advanced Materials,CCCCCCCCCCCCCCCCCCC(CCCCCCCCCCCCCCCCCC)CCCN1C(=O)/C(=C2/C(=O)Oc3cc4c(cc32)OC(=O)/C4=C2/C(=O)N(CCCC(CCCCCCCCCCCCCCCCCC)CCCCCCCCCCCCCCCCCC)c3cc(-c4ccc(-c5cccs5)s4)ccc32)c2ccccc21,77.2,3.0,3.55,28.6,TG/BC,5.0,100.0,20.0,CYTOP,500.0,3.7,Au/Ti,Al,"Spin coating - annealing",200.0,o-DCB,2000.0,Ambient,ambipolar,-5.72,-4.15,0.47,0.2,-57.0,10000-100000,1.45,1.2,55.0,10000-100000,1.45,Device fabricated in ambient conditions.
BDOPV-2T,72,127,2013,10.1002/adma.201302278,Advanced Materials,CCCCCCCCCCCCCCCCCCC(CCCCCCCCCCCCCCCCCC)CCCN1C(=O)/C(=C2/C(=O)Oc3cc4c(cc32)OC(=O)/C4=C2/C(=O)N(CCCC(CCCCCCCCCCCCCCCCCC)CCCCCCCCCCCCCCCCCC)c3cc(-c4ccc(-c5cccs5)s4)ccc32)c2ccccc21,77.2,3.0,3.55,28.6,TG/BC,5.0,100.0,20.0,CYTOP,500.0,3.7,Au/Ti,Al,"Spin coating - annealing",200.0,o-DCB,2000.0,Ambient,n,-5.72,-4.15,,,,,1.74,1.42,44.0,10000-100000,1.74,Devices fabricated in glovebox
PBIBDF-HH,73,128,2016,10.1039/c6tc01617k,Journal of Materials Chemistry C,CCCCCCCCCCCCc1ccsc1-c1sc(-c2ccc3c(c2)N(CC(CCCCCCCCCC)CCCCCCCCCCCC)C(=O)/C3=C2/C(=O)Oc3cc4c(cc32)OC(=O)/C4=C2/C(=O)N(CC(CCCCCCCCCC)CCCCCCCCCCCC)c3ccccc32)cc1CCCCCCCCCCCC,17.4,1.85,3.55,24.53,BG/TC,100.0,1000.0,10.0,Cytop-treated SiO2,320.0,,Au,Si,"Spin coating - annealing",175.0,Chloroform,3500.0,Nitrogen,ambipolar,-5.63,-4.06,0.37,0.32,-21.8,22,1.23,0.86,27.1,17,1.23,Saturated Region
PBIBDF-HT,74,129,2016,10.1039/c6tc01617k,Journal of Materials Chemistry C,CCCCCCCCCCCCc1cc(-c2sccc2CCCCCCCCCCCC)sc1-c1ccc2c(c1)N(CC(CCCCCCCCCC)CCCCCCCCCCCC)C(=O)/C2=C1/C(=O)Oc2cc3c(cc21)OC(=O)/C3=C1/C(=O)N(CC(CCCCCCCCCC)CCCCCCCCCCCC)c2ccccc21,10.2,1.48,3.61,23.61,BG/TC,100.0,1000.0,10.0,Cytop-treated SiO2,320.0,,Au,Si,"Spin coating - annealing",175.0,Chloroform,3500.0,Nitrogen,n,-5.68,-4.05,0.0018,0.0007,-27.3,6,0.175,0.05,39.0,220,0.175,Saturated Region
PBIBDF-TT,75,130,2016,10.1039/c6tc01617k,Journal of Materials Chemistry C,CCCCCCCCCCCCc1csc(-c2cc(CCCCCCCCCCCC)c(-c3ccc4c(c3)N(CC(CCCCCCCCCC)CCCCCCCCCCCC)C(=O)/C4=C3/C(=O)Oc4cc5c(cc43)OC(=O)/C5=C3/C(=O)N(CC(CCCCCCCCCC)CCCCCCCCCCCC)c4ccccc43)s2)c1,19.4,1.98,3.55,24.72,BG/TC,100.0,1000.0,10.0,Cytop-treated SiO2,320.0,,Au,Si,"Spin coating - annealing",175.0,Chloroform,3500.0,Nitrogen,ambipolar,-5.73,-4.01,0.12,0.086,-37.9,42,0.64,0.5,21.4,29,0.64,Saturated Region
PBIBDF-HH,73,131,2016,10.1039/c6tc01617k,Journal of Materials Chemistry C,CCCCCCCCCCCCc1ccsc1-c1sc(-c2ccc3c(c2)N(CC(CCCCCCCCCC)CCCCCCCCCCCC)C(=O)/C3=C2/C(=O)Oc3cc4c(cc32)OC(=O)/C4=C2/C(=O)N(CC(CCCCCCCCCC)CCCCCCCCCCCC)c3ccccc32)cc1CCCCCCCCCCCC,17.4,1.85,3.55,24.53,BG/TC,100.0,1000.0,10.0,Cytop-treated SiO2,320.0,,Au,Si,"Spin coating - annealing",175.0,Chloroform,3500.0,Nitrogen,ambipolar,-5.63,-4.06,0.28,0.26,-24.5,3.00E+08,0.63,0.56,18.9,10000000,0.63,Linear Region
PBIBDF-HT,74,132,2016,10.1039/c6tc01617k,Journal of Materials Chemistry C,CCCCCCCCCCCCc1cc(-c2sccc2CCCCCCCCCCCC)sc1-c1ccc2c(c1)N(CC(CCCCCCCCCC)CCCCCCCCCCCC)C(=O)/C2=C1/C(=O)Oc2cc3c(cc21)OC(=O)/C3=C1/C(=O)N(CC(CCCCCCCCCC)CCCCCCCCCCCC)c2ccccc21,10.2,1.48,3.61,23.61,BG/TC,100.0,1000.0,10.0,Cytop-treated SiO2,320.0,,Au,Si,"Spin coating - annealing",175.0,Chloroform,3500.0,Nitrogen,n,-5.68,-4.05,0.0017,0.0011,-59.7,10000000,0.105,0.046,36.9,100000,0.105,Linear Region
PBIBDF-TT,75,133,2016,10.1039/c6tc01617k,Journal of Materials Chemistry C,CCCCCCCCCCCCc1csc(-c2cc(CCCCCCCCCCCC)c(-c3ccc4c(c3)N(CC(CCCCCCCCCC)CCCCCCCCCCCC)C(=O)/C4=C3/C(=O)Oc4cc5c(cc43)OC(=O)/C5=C3/C(=O)N(CC(CCCCCCCCCC)CCCCCCCCCCCC)c4ccccc43)s2)c1,19.4,1.98,3.55,24.72,BG/TC,100.0,1000.0,10.0,Cytop-treated SiO2,320.0,,Au,Si,"Spin coating - annealing",175.0,Chloroform,3500.0,Nitrogen,ambipolar,-5.73,-4.01,0.1,0.07,-43.2,700000,0.4,0.28,18.6,90000,0.4,Linear Region
PBIBDF-HH,73,134,2016,10.1039/c6tc01617k,Journal of Materials Chemistry C,CCCCCCCCCCCCc1ccsc1-c1sc(-c2ccc3c(c2)N(CC(CCCCCCCCCC)CCCCCCCCCCCC)C(=O)/C3=C2/C(=O)Oc3cc4c(cc32)OC(=O)/C4=C2/C(=O)N(CC(CCCCCCCCCC)CCCCCCCCCCCC)c3ccccc32)cc1CCCCCCCCCCCC,17.4,1.85,,,BG/TC,100.0,1000.0,10.0,Cytop-treated SiO2,320.0,,Au,Si,"Spin coating - annealing",200.0,Chloroform,3500.0,Nitrogen,ambipolar,-5.63,-4.06,0.19,0.16,-26.5,12,0.93,0.64,22.9,16,0.93,Saturated Region
PBIBDF-HT,74,135,2016,10.1039/c6tc01617k,Journal of Materials Chemistry C,CCCCCCCCCCCCc1cc(-c2sccc2CCCCCCCCCCCC)sc1-c1ccc2c(c1)N(CC(CCCCCCCCCC)CCCCCCCCCCCC)C(=O)/C2=C1/C(=O)Oc2cc3c(cc21)OC(=O)/C3=C1/C(=O)N(CC(CCCCCCCCCC)CCCCCCCCCCCC)c2ccccc21,10.2,1.48,,,BG/TC,100.0,1000.0,10.0,Cytop-treated SiO2,320.0,,Au,Si,"Spin coating - annealing",200.0,Chloroform,3500.0,Nitrogen,n,-5.68,-4.05,0.0018,0.001,-17.6,13,0.043,0.029,31.5,642,0.043,Saturated Region
PBIBDF-TT,75,136,2016,10.1039/c6tc01617k,Journal of Materials Chemistry C,CCCCCCCCCCCCc1csc(-c2cc(CCCCCCCCCCCC)c(-c3ccc4c(c3)N(CC(CCCCCCCCCC)CCCCCCCCCCCC)C(=O)/C4=C3/C(=O)Oc4cc5c(cc43)OC(=O)/C5=C3/C(=O)N(CC(CCCCCCCCCC)CCCCCCCCCCCC)c4ccccc43)s2)c1,19.4,1.98,,,BG/TC,100.0,1000.0,10.0,Cytop-treated SiO2,320.0,,Au,Si,"Spin coating - annealing",200.0,Chloroform,3500.0,Nitrogen,ambipolar,-5.73,-4.01,0.17,0.11,-34.7,56,0.7,0.5,19.0,30,0.7,Saturated Region
PBIBDF-HH,73,137,2016,10.1039/c6tc01617k,Journal of Materials Chemistry C,CCCCCCCCCCCCc1ccsc1-c1sc(-c2ccc3c(c2)N(CC(CCCCCCCCCC)CCCCCCCCCCCC)C(=O)/C3=C2/C(=O)Oc3cc4c(cc32)OC(=O)/C4=C2/C(=O)N(CC(CCCCCCCCCC)CCCCCCCCCCCC)c3ccccc32)cc1CCCCCCCCCCCC,17.4,1.85,,,BG/TC,100.0,1000.0,10.0,Cytop-treated SiO2,320.0,,Au,Si,"Spin coating - annealing",200.0,Chloroform,3500.0,Nitrogen,ambipolar,-5.63,-4.06,0.17,0.15,-26.5,1000000,0.38,0.34,15.0,1000000,0.38,Linear Region
PBIBDF-HT,74,138,2016,10.1039/c6tc01617k,Journal of Materials Chemistry C,CCCCCCCCCCCCc1cc(-c2sccc2CCCCCCCCCCCC)sc1-c1ccc2c(c1)N(CC(CCCCCCCCCC)CCCCCCCCCCCC)C(=O)/C2=C1/C(=O)Oc2cc3c(cc21)OC(=O)/C3=C1/C(=O)N(CC(CCCCCCCCCC)CCCCCCCCCCCC)c2ccccc21,10.2,1.48,,,BG/TC,100.0,1000.0,10.0,Cytop-treated SiO2,320.0,,Au,Si,"Spin coating - annealing",200.0,Chloroform,3500.0,Nitrogen,n,-5.68,-4.05,,,,,,,,,0.0,Linear Region
PBIBDF-TT,75,139,2016,10.1039/c6tc01617k,Journal of Materials Chemistry C,CCCCCCCCCCCCc1csc(-c2cc(CCCCCCCCCCCC)c(-c3ccc4c(c3)N(CC(CCCCCCCCCC)CCCCCCCCCCCC)C(=O)/C4=C3/C(=O)Oc4cc5c(cc43)OC(=O)/C5=C3/C(=O)N(CC(CCCCCCCCCC)CCCCCCCCCCCC)c4ccccc43)s2)c1,19.4,1.98,,,BG/TC,100.0,1000.0,10.0,Cytop-treated SiO2,320.0,,Au,Si,"Spin coating - annealing",200.0,Chloroform,3500.0,Nitrogen,ambipolar,-5.73,-4.01,0.16,0.096,-45.6,50000,0.33,0.31,16.5,2000000,0.33,Linear Region
BDOPV-TT,76,140,2015,10.1021/acs.chemmater.5b00018,Chemistry of materials,CCCCCCCCCCCCCCCCCCC(CCCCCCCCCCCCCCCCCC)CCCN1C(=O)/C(=C2/C(=O)Oc3cc4c(cc32)OC(=O)/C4=C2/C(=O)N(CCCC(CCCCCCCCCCCCCCCCCC)CCCCCCCCCCCCCCCCCC)c3cc(-c4cc5sccc5s4)ccc32)c2ccccc21,20.9,2.86,3.45,26.8,TG/BC,,,,CYTOP,,,Au,Al,"Spin coating - annealing",180.0,o-DCB,,Ambient,ambipolar,-5.7,-3.88,1.7,0.8,-65.0,,1.37,0.91,33.0,,1.7,
BDOPV-BDT,77,141,2015,10.1021/acs.chemmater.5b00018,Chemistry of materials,CCCCCCCCCCCCCCCCCCC(CCCCCCCCCCCCCCCCCC)CCCN1C(=O)/C(=C2/C(=O)Oc3cc4c(cc32)OC(=O)/C4=C2/C(=O)N(CCCC(CCCCCCCCCCCCCCCCCC)CCCCCCCCCCCCCCCCCC)c3cc(-c4cc5cc6sccc6cc5s4)ccc32)c2ccccc21,13.9,2.14,,24.9,TG/BC,,,,CYTOP,,,Au,Al,"Spin coating - annealing",180.0,o-DCB,,Ambient,ambipolar,-5.78,-3.88,0.12,0.08,-69.0,,0.11,0.07,38.0,,0.12,
BDOPV-BDSe,78,142,2015,10.1021/acs.chemmater.5b00018,Chemistry of materials,CCCCCCCCCCCCCCCCCCC(CCCCCCCCCCCCCCCCCC)CCCN1C(=O)/C(=C2/C(=O)Oc3cc4c(cc32)OC(=O)/C4=C2/C(=O)N(CCCC(CCCCCCCCCCCCCCCCCC)CCCCCCCCCCCCCCCCCC)c3cc(-c4cc5cc6[se]ccc6cc5[se]4)ccc32)c2ccccc21,19.2,2.56,3.5,25.1,TG/BC,,,,CYTOP,,,Au,Al,"Spin coating - annealing",180.0,o-DCB,,Ambient,ambipolar,-5.74,-3.88,0.1,0.08,-66.0,,0.16,0.1,34.0,,0.16,
AzaBDOPV-2T,79,143,2016,10.1039/c6sc01380e,Chemical Science,CCCCCCCCCCCCCCCCCCC(CCCCCCCCCCCCCCCCCC)CCCN1C(=O)/C(=C2/C(=O)Oc3cc4c(cc32)OC(=O)/C4=C2/C(=O)N(CCCC(CCCCCCCCCCCCCCCCCC)CCCCCCCCCCCCCCCCCC)c3nc(-c4ccc(-c5cccs5)s4)ccc32)c2cccnc21,51.6,2.62,3.44,28.4,TG/BC,5.0,100.0,20.0,CYTOP,,3.5,Au,Al,"Spin coating - annealing",200.0,o-DCB,1500.0,Ambient,n,-5.8,-4.37,,,,,3.22,1.63,40.0,100000,3.22,
PBABDF-DT,80,144,2017,10.1039/c7py00295e,Polymer Chemistry,CCCCCCCCCCCCc1ccsc1-c1sc(-c2ccc3c(n2)N(CCCC(CCCCCCCCCC)CCCCCCCCCC)C(=O)/C3=C2/C(=O)Oc3cc4c(cc32)OC(=O)/C4=C2/C(=O)N(CCCC(CCCCCCCCCC)CCCCCCCCCC)c3ncccc32)cc1CCCCCCCCCCCC,32.6,5.0,3.53,24.94,BG/TC,100.0,800.0,8.0,Cytop-treated SiO2,300.0,10.8,Au,Si,Spin coating,,Chloroform,3000.0,vacuum,n,-5.7,-4.04,,,,,0.65,0.46,18.0,5900000,0.65,
PBABDF-DT,80,145,2017,10.1039/c7py00295e,Polymer Chemistry,CCCCCCCCCCCCc1ccsc1-c1sc(-c2ccc3c(n2)N(CCCC(CCCCCCCCCC)CCCCCCCCCC)C(=O)/C3=C2/C(=O)Oc3cc4c(cc32)OC(=O)/C4=C2/C(=O)N(CCCC(CCCCCCCCCC)CCCCCCCCCC)c3ncccc32)cc1CCCCCCCCCCCC,32.6,5.0,3.52,24.36,BG/TC,100.0,800.0,8.0,Cytop-treated SiO2,300.0,10.8,Au,Si,"Spin coating - annealing",260.0,Chloroform,3000.0,vacuum,n,-5.7,-4.04,,,,,1.86,1.34,24.0,1600000,1.86,
PBABDF-TVT,81,146,2017,10.1039/c7py00295e,Polymer Chemistry,CCCCCCCCCCCCc1ccsc1/C=C/c1sc(-c2ccc3c(n2)N(CCCC(CCCCCCCCCC)CCCCCCCCCC)C(=O)/C3=C2/C(=O)Oc3cc4c(cc32)OC(=O)/C4=C2/C(=O)N(CCCC(CCCCCCCCCC)CCCCCCCCCC)c3ncccc32)cc1CCCCCCCCCCCC,30.8,5.8,3.55,25.14,BG/TC,100.0,800.0,8.0,Cytop-treated SiO2,300.0,10.8,Au,Si,Spin coating,,Chloroform,3000.0,vacuum,n,-5.6,-3.99,,,,,0.61,0.52,21.0,1000000,0.61,
PBABDF-TVT,81,147,2017,10.1039/c7py00295e,Polymer Chemistry,CCCCCCCCCCCCc1ccsc1/C=C/c1sc(-c2ccc3c(n2)N(CCCC(CCCCCCCCCC)CCCCCCCCCC)C(=O)/C3=C2/C(=O)Oc3cc4c(cc32)OC(=O)/C4=C2/C(=O)N(CCCC(CCCCCCCCCC)CCCCCCCCCC)c3ncccc32)cc1CCCCCCCCCCCC,30.8,5.8,3.5,23.45,BG/TC,100.0,800.0,8.0,Cytop-treated SiO2,300.0,10.8,Au,Si,"Spin coating - annealing",260.0,Chloroform,3000.0,vacuum,n,-5.6,-3.99,,,,,1.56,1.17,24.0,1000000,1.56,
PBIBDF-FTP1,82,148,2018,10.1021/acs.chemmater.8b02359,Chemistry of materials,CCCCCCCCCCCCCCCCCCC(CCCCCCCCCCCCCCCCCC)CCCN1C(=O)/C(=C2/C(=O)Oc3cc4c(cc32)OC(=O)/C4=C2/C(=O)N(CCCC(CCCCCCCCCCCCCCCCCC)CCCCCCCCCCCCCCCCCC)c3cc(-c4cc(F)c(-c5sccc5F)s4)ccc32)c2ccccc21,28.3,1.8,3.49,32.37,BG/TC,130.0,760.0,5.85,OTS-modified SiO2,300.0,,Au,Si,"Spin coating - annealing",210.0,chlorobenzene,4000.0,Ambient,ambipolar,-5.79,-4.0,0.051,0.042,-42.0,64.7,0.097,0.082,24.4,190,0.097,
PBIBDF-FTP2,83,149,2018,10.1021/acs.chemmater.8b02359,Chemistry of materials,CCCCCCCCCCCCCCCCCCC(CCCCCCCCCCCCCCCCCC)CCCN1C(=O)/C(=C2/C(=O)Oc3cc4c(cc32)OC(=O)/C4=C2/C(=O)N(CCCC(CCCCCCCCCCCCCCCCCC)CCCCCCCCCCCCCCCCCC)c3nc(-c4cc(F)c(-c5sccc5F)s4)ccc32)c2cccnc21,34.2,1.7,3.41,29.9,BG/TC,130.0,760.0,5.85,OTS-modified SiO2,300.0,,Au,Si,"Spin coating - annealing",290.0,chlorobenzene,4000.0,Ambient,n,-6.04,-4.1,,,,,0.77,0.63,1.1,6000000,0.77,
PBABDF-TVT,84,150,2018,10.1021/acs.macromol.8b00839,Macromolecules,CCCCCCCCCCCCCCCCCCC(CCCCCCCCCCCCCCCCCC)CCCN1C(=O)/C(=C2/C(=O)Oc3cc4c(cc32)OC(=O)/C4=C2/C(=O)N(CCCC(CCCCCCCCCCCCCCCCCC)CCCCCCCCCCCCCCCCCC)c3nc(-c4ccc(/C=C/c5cccs5)s4)ccc32)c2cccnc21,48.1,2.75,3.53,32.88,BG/TC,130.0,760.0,5.85,OTS-modified SiO2,300.0,,Au,Si,"Spin coating - annealing",260.0,chlorobenzene,4500.0,Ambient,n,-5.63,-4.02,0.014,0.0092,-41.2,1020,1.1,0.83,25.3,20000,1.1,
PBABDF-TCNT,85,151,2018,10.1021/acs.macromol.8b00839,Macromolecules,CCCCCCCCCCCCCCCCCCC(CCCCCCCCCCCCCCCCCC)CCCN1C(=O)/C(=C2/C(=O)Oc3cc4c(cc32)OC(=O)/C4=C2/C(=O)N(CCCC(CCCCCCCCCCCCCCCCCC)CCCCCCCCCCCCCCCCCC)c3nc(-c4ccc(/C=C(\C#N)c5cccs5)s4)ccc32)c2cccnc21,46.1,2.97,3.42,29.9,BG/TC,130.0,760.0,5.85,OTS-modified SiO2,300.0,,Au,Si,"Spin coating - annealing",290.0,chlorobenzene,4500.0,Ambient,n,-5.88,-4.15,,,,,0.16,0.12,20.3,80000,0.16,
PBABDF-TZ,86,152,2018,10.1021/acs.macromol.8b00839,Macromolecules,CCCCCCCCCCCCCCCCCCC(CCCCCCCCCCCCCCCCCC)CCCN1C(=O)/C(=C2/C(=O)Oc3cc4c(cc32)OC(=O)/C4=C2/C(=O)N(CCCC(CCCCCCCCCCCCCCCCCC)CCCCCCCCCCCCCCCCCC)c3nc(-c4cnc(-c5nccs5)s4)ccc32)c2cccnc21,40.4,2.58,3.51,30.63,BG/TC,130.0,760.0,5.85,OTS-modified SiO2,300.0,,Au,Si,"Spin coating - annealing",290.0,chlorobenzene,4500.0,Ambient,n,-6.06,-4.28,,,,,0.038,0.031,31.9,700000,0.038,
PNVB,87,153,2020,10.1021/acsami.0c02322,ACS Applied Materials & Interfaces,C=Cc1cc2c3c(c(/C=C/c4ccc5c(n4)N(CCCC(CCCCCCCCCC)CCCCCCCCCC)C(=O)/C5=C4/C(=O)Oc5cc6c(cc54)OC(=O)/C6=C4/C(=O)N(CCCC(CCCCCCCCCC)CCCCCCCCCC)c5ncccc54)cc4c3c1C(=O)N(CC(CCCCCCCCCC)CCCCCCCCCCCC)C4=O)C(=O)N(CC(CCCCCCCCCC)CCCCCCCCCCCC)C2=O,12.9,2.6,3.64,26.07,BG/TC,100.0,1000.0,10.0,Cytop-treated SiO2,300.0,,Au,Si,"Spin coating - annealing",200.0,chlorobenzene,4000.0,Ambient,n,-6.01,-4.28,,,,,0.0085,0.005,10.0,10000-100000,0.0085,
PBABDFV,88,154,2020,10.1021/acsami.0c02322,ACS Applied Materials & Interfaces,C=Cc1ccc2c(n1)N(CCCC(CCCCCCCCCC)CCCCCCCCCC)C(=O)/C2=C1/C(=O)Oc2cc3c(cc21)OC(=O)/C3=C1/C(=O)N(CCCC(CCCCCCCCCC)CCCCCCCCCC)c2ncccc21,16.6,2.8,3.48,25.49,BG/TC,100.0,1000.0,10.0,Cytop-treated SiO2,300.0,,Au,Si,"Spin coating - annealing",260.0,chlorobenzene,4000.0,Ambient,n,-5.9,-4.29,,,,,0.76,0.55,25.0,1000000-10000000,0.76,
PBAIDV,89,155,2020,10.1021/acsami.0c02322,ACS Applied Materials & Interfaces,C=Cc1ccc2c(n1)N(CCCC(CCCCCCCCCC)CCCCCCCCCC)C(=O)/C2=C1/C(=O)N(CCCCCCCCCCCC)c2cc3c(cc21)N(CCCCCCCCCCCC)C(=O)/C3=C1/C(=O)N(CCCC(CCCCCCCCCC)CCCCCCCCCC)c2ncccc21,10.1,3.5,3.6,27.2,BG/TC,100.0,1000.0,10.0,Cytop-treated SiO2,300.0,,Au,Si,"Spin coating - annealing",200.0,chlorobenzene,4000.0,Ambient,n,-5.71,-3.68,0.00038,0.0003,22.0,100-1000,0.0027,0.0021,46.0,100-1000,0.0027,
PNVB,87,156,2020,10.1021/acsami.0c02322,ACS Applied Materials & Interfaces,C=Cc1cc2c3c(c(/C=C/c4ccc5c(n4)N(CCCC(CCCCCCCCCC)CCCCCCCCCC)C(=O)/C5=C4/C(=O)Oc5cc6c(cc54)OC(=O)/C6=C4/C(=O)N(CCCC(CCCCCCCCCC)CCCCCCCCCC)c5ncccc54)cc4c3c1C(=O)N(CC(CCCCCCCCCC)CCCCCCCCCCCC)C4=O)C(=O)N(CC(CCCCCCCCCC)CCCCCCCCCCCC)C2=O,12.9,2.6,3.64,26.07,BG/TC,100.0,1000.0,10.0,Cytop-treated SiO2,300.0,,Au,Si,"Spin coating - annealing",200.0,chlorobenzene,4000.0,vacuum,n,-6.01,-4.28,,,,,0.0091,0.0083,4.0,10000-100000,0.0091,
PBABDFV,88,157,2020,10.1021/acsami.0c02322,ACS Applied Materials & Interfaces,C=Cc1ccc2c(n1)N(CCCC(CCCCCCCCCC)CCCCCCCCCC)C(=O)/C2=C1/C(=O)Oc2cc3c(cc21)OC(=O)/C3=C1/C(=O)N(CCCC(CCCCCCCCCC)CCCCCCCCCC)c2ncccc21,16.6,2.8,3.48,25.49,BG/TC,100.0,1000.0,10.0,Cytop-treated SiO2,300.0,,Au,Si,"Spin coating - annealing",260.0,chlorobenzene,4000.0,vacuum,n,-5.9,-4.29,,,,,0.52,0.38,13.0,10000000-100000000,0.52,
PBAIDV,89,158,2020,10.1021/acsami.0c02322,ACS Applied Materials & Interfaces,C=Cc1ccc2c(n1)N(CCCC(CCCCCCCCCC)CCCCCCCCCC)C(=O)/C2=C1/C(=O)N(CCCCCCCCCCCC)c2cc3c(cc21)N(CCCCCCCCCCCC)C(=O)/C3=C1/C(=O)N(CCCC(CCCCCCCCCC)CCCCCCCCCC)c2ncccc21,10.1,3.5,3.6,27.2,BG/TC,100.0,1000.0,10.0,Cytop-treated SiO2,300.0,,Au,Si,"Spin coating - annealing",200.0,chlorobenzene,4000.0,vacuum,n,-5.71,-3.68,,,,,0.14,0.026,31.0,10000-100000,0.14,
HD-PPPV,90,159,2011,10.1021/cm202247a,Chemistry of materials,C=Cc1ccc(C2=C3C(=O)N(CC(CCCCCC)CCCCCCCC)C(c4ccccc4)=C3C(=O)N2CC(CCCCCC)CCCCCCCC)cc1,88.8,2.32,,,BG/BC,20.0,400.0,20.0,OTS-8,200.0,,Cr/Au,Si,"Spin coating - annealing",150.0,o-DCB,,Nitrogen,p,-5.48,-3.13,,4.9e-07,-9.8,10,,,,,4.9e-07,"Channel_Length is 20-40, Channel_Width is 400-800 according the report,but the ratio is fixed in  20 "
HD-PPTV,91,160,2011,10.1021/cm202247a,Chemistry of materials,C=Cc1ccc(C2=C3C(=O)N(CC(CCCCCC)CCCCCCCC)C(c4cccs4)=C3C(=O)N2CC(CCCCCC)CCCCCCCC)s1,56.2,2.74,3.92,18.47,BG/BC,20.0,400.0,20.0,OTS-8,200.0,,Cr/Au,Si,"Spin coating - annealing",150.0,o-DCB,,Nitrogen,p,-5.14,-3.34,,0.17,-5.5,100-1000,,0.017,22.7,100-1000,0.17,"Channel_Length is 20-40, Channel_Width is 400-800 according the report,but the ratio is fixed in  20 "
PDPPNT,92,161,2011,10.1039/C1EE01213D,Energy & Environmental Science,CCCCCCCCCCC(CCCCCCCC)CN1C(=O)C2=C(c3ccc(-c4ccc5ccccc5c4)s3)N(CC(CCCCCCCC)CCCCCCCCCC)C(=O)C2=C1c1cccs1,63.8,1.43,3.82,20.05,BG/TC,100.0,1000.0,10.0,OTS-modified SiO2,,,Cr/Au,Cr/Au,"Spin coating - annealing",120.0,chloroform,,Nitrogen,p,-5.29,-3.3,,0.65,-22.0,100000,,,,,0.65,
PGFDTDPP (C4),93,162,2010,10.1021/ma9025866,Macromolecules,CCCCCCCCN1C(=O)C2=C(c3ccc(-c4ccc5[c](c4)[Ge]([CH2]CCC)([CH2]CCC)[c]4ccccc4-5)s3)N(CCCCCCCC)C(=O)C2=C1c1cccs1,13.0,2.8,3.8,15.0,TG/BC,45.0,2600.0,58.0,OTS-modified SiO2,607.0,,Au,Si,"Spin coating - annealing",150.0,chloroform,,Ambient,p,-5.38,-3.7,,0.04,-27.0,1.00E+06,,,,,0.04,
PGFDTDPP (C8),94,163,2010,10.1021/ma9025866,Macromolecules,CCCCCCCCN1C(=O)C2=C(c3ccc(-c4ccc5[c](c4)[Ge]([CH2]CCCCCCC)([CH2]CCCCCCC)[c]4ccccc4-5)s3)N(CCCCCCCC)C(=O)C2=C1c1cccs1,14.0,3.5,4.7,18.0,TG/BC,45.0,2600.0,58.0,OTS-modified SiO2,607.0,,Au,Si,"Spin coating - annealing",150.0,chloroform,,Ambient,p,-5.38,-3.64,,0.0077,-27.0,3.60E+05,,,,,0.0077,
PGFDTBT,95,164,2010,10.1021/ma9025866,Macromolecules,CCCCCCC[CH2][Ge]1([CH2]CCCCCCC)[c]2ccccc2-c2ccc(-c3ccc(-c4ccc(-c5cccs5)c5nsnc45)s3)c[c]21,10.0,2.4,4.7,18.0,TG/BC,45.0,2600.0,58.0,OTS-modified SiO2,607.0,,Au,Si,"Spin coating - annealing",150.0,chloroform,,Ambient,p,-5.58,-3.91,,0.00011,-26.0,1.80E+04,,,,,0.00011,
PDQT,96,165,2011,10.1021/ja1085996,Journal of American Chemical Society,CCCCCCCCCCC(CCCCCCCC)CN1C=C2C(=O)N(CC(CCCCCCCC)CCCCCCCCCC)C(c3ccc(-c4ccc(-c5cccs5)s4)s3)=C2C1=O,106.0,3.44,3.75,19.9,BG/TC,100.0,1000.0,10.0,OTS-modified SiO2,200.0,,Au,Si,"Spin coating - annealing",100.0,chloroform,,Nitrogen,p,-5.2,-4.0,0.97,0.88,-2.7,1.00E+06,,,,,0.97,
PDQT,97,166,2011,10.1021/ja1085996,Journal of American Chemical Society,CCCCCCCCCCC(CCCCCCCC)CN1C=C2C(=O)N(CC(CCCCCCCC)CCCCCCCCCC)C(c3ccc(-c4ccc(-c5cccs5)s4)s3)=C2C1=O,45.2,2.15,3.75,19.9,BG/TC,100.0,1000.0,10.0,OTS-modified SiO2,200.0,,Au,Si,"Spin coating - annealing",100.0,chloroform,,Nitrogen,p,,,0.39,0.37,,,,,,,0.39,
DPPT-TT,98,167,2012,10.1002/adma.201102786,Advanced Materials,CCCCCCCCCCC(CCCCCCCC)CN1C=C2C(=O)N(CC(CCCCCCCC)CCCCCCCCCC)C(c3ccc(-c4cc5sccc5s4)s3)=C2C1=O,50.0,3.87,3.8,20.2,TG/BC,20.0,1000.0,50.0,PMMA,550.0,,Au,Au,"Spin coating - annealing",320.0,o-DCB,,Nitrogen,ambipolar,-5.33,-4.07,1.62,1.36,-16.0,100000-1000000,2.05,1.56,10.0,100000,2.05,
O-HD,99,168,2011,10.1021/jp202996p,The Journal of Physical Chemistry C,CCCCCCCCc1c2ccsc2c(CCCCCCCC)c2sc(-c3ccc(C4=C5C(=O)N(CC(CCCCCC)CCCCCCCC)C(c6cccs6)=C5C(=O)N4CC(CCCCCC)CCCCCCCC)s3)cc12,42.8,2.14,4.09,19.6,BG/BC,20.0,10000.0,500.0,SiO2,230.0,,Au,Si,Spin coating,,o-DCB,,Nitrogen,p,-5.15,-3.28,0.00038,,-23.4,41,,,,,0.00038,
BO-BO,100,169,2011,10.1021/jp202996p,The Journal of Physical Chemistry C,CCCCCCC(CCCC)CN1C(=O)C2=C(c3ccc(-c4cc5c(CCC(CCCC)CCCCC)c6ccsc6c(CCC(CCCC)CCCCC)c5s4)s3)N(CC(CCCC)CCCCCC)C(=O)C2=C1c1cccs1,33.2,2.48,3.92,16.9,BG/BC,20.0,10000.0,500.0,SiO2,230.0,,Au,Si,Spin coating,,o-DCB,,Nitrogen,p,-5.14,-3.34,5.9e-05,,-4.8,670,,,,,5.9e-05,
PU-O,101,170,2011,10.1021/jp202996p,The Journal of Physical Chemistry C,CCCCCCCCc1c2ccsc2c(CCCCCCCC)c2sc(-c3ccc(C4=C5C(=O)N(CCC(CCCCC)CCCCCCCC)C(c6cccs6)=C5C(=O)N4CCC(CCCCC)CCCCCCCC)s3)cc12,27.8,1.97,3.97,20.9,BG/BC,20.0,10000.0,500.0,SiO2,230.0,,Au,Si,Spin coating,,o-DCB,,Nitrogen,p,-5.1,-3.31,0.0016,,-8.1,11400,,,,,0.0016,
PDDTP-DPP,102,171,2010,10.1002/adma.201001599,Advanced Materials,CCCCCCCCCCCCCCCCN1C(=O)C2=C(c3ccc(-c4cc5c(s4)c4sccc4n5CC(CCCCCC)CCCCCCCC)s3)N(CCCCCCCCCCCCCCCC)C(=O)C2=C1c1cccs1,11.7,3.46,3.7,23.1,BG/BC,10.0,250.0,25.0,OTS-modified SiO2,250.0,,Au/Ti,Si,"Spin coating - annealing",,chloroform,,Argon,p,-5.2,-4.05,0.33,0.29,,1000,,,,,0.33,
PDDTP-DPP,102,172,2010,10.1002/adma.201001599,Advanced Materials,CCCCCCCCCCCCCCCCN1C(=O)C2=C(c3ccc(-c4cc5c(s4)c4sccc4n5CC(CCCCCC)CCCCCCCC)s3)N(CCCCCCCCCCCCCCCC)C(=O)C2=C1c1cccs1,11.7,3.46,3.7,23.1,BG/BC,20.0,250.0,12.5,OTS-modified SiO2,250.0,,Au/Ti,Si,"Spin coating - annealing",,chloroform,,Argon,p,-5.2,-4.05,0.29,0.26,,1000-10000,,,,,0.29,
PDDTP-DPP,102,173,2010,10.1002/adma.201001599,Advanced Materials,CCCCCCCCCCCCCCCCN1C(=O)C2=C(c3ccc(-c4cc5c(s4)c4sccc4n5CC(CCCCCC)CCCCCCCC)s3)N(CCCCCCCCCCCCCCCC)C(=O)C2=C1c1cccs1,11.7,3.46,3.7,23.1,BG/BC,30.0,250.0,8.3,OTS-modified SiO2,250.0,,Au/Ti,Si,"Spin coating - annealing",,chloroform,,Argon,p,-5.2,-4.05,0.41,0.29,,1000-10000,,,,,0.41,
PDDTP-DPP,102,174,2010,10.1002/adma.201001599,Advanced Materials,CCCCCCCCCCCCCCCCN1C(=O)C2=C(c3ccc(-c4cc5c(s4)c4sccc4n5CC(CCCCCC)CCCCCCCC)s3)N(CCCCCCCCCCCCCCCC)C(=O)C2=C1c1cccs1,11.7,3.46,3.7,23.1,BG/BC,40.0,250.0,6.25,OTS-modified SiO2,250.0,,Au/Ti,Si,"Spin coating - annealing",150.0,chloroform,,Argon,p,-5.2,-4.05,0.34,0.28,,1000-10000,,,,,0.34,
PDTDPP,103,175,2011,10.1002/adma.201102726,Advanced Materials,CCCCCCCCCCC(CCCCCCCC)CN1C(=O)C2=C(c3ccc(-c4sc5c(c4CC(CC)CCCC)c4cccc6c4c5c4cccc5c7c(CC(CC)CCCC)csc7c6c54)s3)N(CC(CCCCCCCC)CCCCCCCCCC)C(=O)C2=C1c1cccs1,13.6,2.5,4.03,20.0,BG/BC,0.2,5.0,25.0,OTS-modified SiO2,200.0,,Ni/Au,Si,"Spin coating - annealing",320.0,chloroform,4500.0,Inert environment,ambipolar,-4.65,-3.5,,0.25,,,,0.29,,,0.29,Spin_Coating_Speed is 4000-5000rpm according to the report
PDPP-FPF,104,176,2012,10.1039/c2jm14989c,Journal of Materials Chemistry C,CCCCCCCCCCC(CCCCCCCC)CN1C(=O)C2=C(c3ccc(-c4ccccc4)o3)N(CC(CCCCCCCC)CCCCCCCCCC)C(=O)C2=C1c1ccco1,48.0,2.65,4.27,17.79,BG/TC,100.0,1000.0,10.0,OTS-modified SiO2,200.0,,Au,Si,Spin coating,,chloroform,,Nitrogen,p,-5.4,-3.88,0.04,,-1.2,100000,,,,,0.04,
PDPP-FNF,105,177,2012,10.1039/c2jm14989c,Journal of Materials Chemistry C,CCCCCCCCCCC(CCCCCCCC)CN1C(=O)C2=C(c3ccc(-c4ccc5ccccc5c4)o3)N(CC(CCCCCCCC)CCCCCCCCCC)C(=O)C2=C1c1ccco1,53.6,1.59,4.18,17.58,BG/TC,100.0,1000.0,10.0,OTS-modified SiO2,200.0,,Au,Si,Spin coating,,chloroform,,Nitrogen,p,-5.34,-3.85,0.11,,-40.6,100000,,,,,0.11,
PDPP-FAF,106,178,2012,10.1039/c2jm14989c,Journal of Materials Chemistry C,CCCCCCCCCCC(CCCCCCCC)CN1C(=O)C2=C(c3ccc(-c4ccc5cc6ccccc6cc5c4)o3)N(CC(CCCCCCCC)CCCCCCCCCC)C(=O)C2=C1c1ccco1,20.6,1.26,4.41,19.7,BG/TC,100.0,1000.0,10.0,OTS-modified SiO2,200.0,,Au,Si,Spin coating,,chloroform,,Nitrogen,p,-5.33,-3.8,0.07,,-16.3,100000,,,,,0.07,
P1,107,179,2012,10.1039/c1sc00477h,Chemical Science,CCCCCCCCCCC(CCCCCCCC)CN1C(=O)C2=C(c3ccc(-c4ccc[se]4)[se]3)N(CC(CCCCCCCC)CCCCCCCCCC)C(=O)C2=C1c1ccc[se]1,70.0,3.0,3.8,19.6,BG/BC,10.0,10000.0,1000.0,HMDS-modified SiO2,200.0,,Au,Si,"Spin coating - annealing",,chlorobenzene,,Nitrogen,ambipolar,-5.2,-4.02,0.108,0.1,,,0.11,0.1,,,0.11,
P2,108,180,2012,10.1039/c1sc00477h,Chemical Science,CCCCCCCCCCC(CCCCCCCC)CN1C(=O)C2=C(c3ccc(-c4cc5sccc5s4)[se]3)N(CC(CCCCCCCC)CCCCCCCCCC)C(=O)C2=C1c1ccc[se]1,100.0,2.5,,19.0,BG/BC,10.0,10000.0,1000.0,HMDS-modified SiO2,200.0,,Au,Si,"Spin coating - annealing",,chlorobenzene,,Nitrogen,p,-5.1,-3.92,0.29,0.26,,,0.054,0.05,,,0.29,
P2,109,181,2012,10.1039/c1sc00477h,Chemical Science,CCCCCCCCCCC(CCCCCCCC)CN1C(=O)C2=C(c3ccc(-c4cc5sccc5s4)[se]3)N(CC(CCCCCCCC)CCCCCCCCCC)C(=O)C2=C1c1ccc[se]1,100.0,2.5,,19.0,BG/TC,30.0,500.0,16.7,OTS-modified SiO2,400.0,,Au,Si,"Spin coating - annealing",,chlorobenzene,,Nitrogen,p,-5.1,-3.92,1.1,0.79,,,0.14,0.1,,,1.1,
C16IDT-BT,110,182,2013,10.1038/ncomms3238,Nature Communications,CCCCCCCCCCCCCCCCC1(CCCCCCCCCCCCCCCC)c2cc3c(cc2-c2sccc21)C(CCCCCCCCCCCCCCCC)(CCCCCCCCCCCCCCCC)c1cc(-c2cccc4nsnc24)sc1-3,80.0,2.0,3.8,26.0,TG/BC,20.0,1000.0,50.0,CYTOP,,,Au,Al,"Spin coating - annealing",,chlorobenzene,,Nitrogen,p,-5.4,-3.7,3.6,,,1000000,,,,,3.6,
C16IDT-BT,111,183,2013,10.1038/ncomms3238,Nature Communications,CCCCCCCCCCCCCCCCC1(CCCCCCCCCCCCCCCC)c2cc3c(cc2-c2sccc21)C(CCCCCCCCCCCCCCCC)(CCCCCCCCCCCCCCCC)c1cc(-c2cccc4nsnc24)sc1-3,80.0,2.0,3.8,26.0,BG/BC,2.5,30.0,12.0,PVP,300.0,,Au,Al,Spin coating,,chlorobenzene,,Nitrogen,p,-5.4,-3.7,0.02,,,,,,,,0.02,
"PhF2,3",112,184,2017,10.1021/jacs.7b10332,Journal of American Chemical Society,CCCCCCCCCCCCCCCCC1(CCCCCCCCCCCCCCCC)c2ccsc2-c2sc(-c3cccc(F)c3F)cc21,34.0,2.0,3.6,25.0,BG/BC,80.0,1000.0,12.5,DTS-modified SiO2,300.0,,Ni/Au,Si,"Spin coating - annealing",200.0,chlorobenzene,,Nitrogen,p,-5.3,-3.25,2.8,2.5,-4.4,2500000,,,,,2.8,
"PhF2,5",113,185,2017,10.1021/jacs.7b10332,Journal of American Chemical Society,CCCCCCCCCCCCCCCCC1(CCCCCCCCCCCCCCCC)c2ccsc2-c2sc(-c3cc(F)ccc3F)cc21,28.0,2.1,3.6,25.0,BG/BC,80.0,1000.0,12.5,DTS-modified SiO2,300.0,,Ni/Au,Si,"Spin coating - annealing",200.0,chlorobenzene,,Nitrogen,p,-5.25,-3.31,4.2,4.0,-7.2,3300000,,,,,4.2,
"PhF2,6",114,186,2017,10.1021/jacs.7b10332,Journal of American Chemical Society,CCCCCCCCCCCCCCCCC1(CCCCCCCCCCCCCCCC)c2ccsc2-c2sc(-c3c(F)cccc3F)cc21,33.0,2.3,3.6,25.0,BG/BC,80.0,1000.0,12.5,DTS-modified SiO2,300.0,,Ni/Au,Si,"Spin coating - annealing",200.0,chlorobenzene,,Nitrogen,p,-5.3,-3.34,5.7,5.1,-6.7,3900000,,,,,5.7,
61-P1,115,187,2015,10.1039/c5sc00843c,Chemical Science,CCCCCCCCCCC(CCCCCCCC)CN1C(=O)C2=C(c3ccc(-c4ccc(-c5cccs5)s4)s3)N(CC(CCCCCCCC)CCCCCCCCCC)C(=O)C2=C1c1cccs1,21.4,2.03,3.8,19.2,BG/BC,30.0,1000.0,33.3,SiO2,200.0,17.0,Au,Si,"Spin coating - annealing",200.0,TCE/o-DCB,,Ambient,p,-5.3,-4.1,2.94,2.84,-3.0,10000,,,,,2.94,
61-P2a,116,188,2015,10.1039/c5sc00843c,Chemical Science,CCCCCCCCCCC(CCCCCCCC)CN1C(=O)C2=C(c3ccc(-c4ccc(-c5cccs5)s4)s3)N(CC(CCCCCCCC)CCCCCCCCCC)C(=O)C2=C1c1cccs1,47.0,2.9,3.8,18.8,BG/BC,30.0,1000.0,33.3,SiO2,200.0,17.0,Au,Si,"Spin coating - annealing",200.0,TCE/o-DCB,,Ambient,p,-5.3,-4.0,5.5,3.57,-7.0,1000000,,,,,5.5,
61-P2b,117,189,2015,10.1039/c5sc00843c,Chemical Science,CCCCCCCCCCCCC(CCCCCCCCCC)CN1C(=O)C2=C(c3ccc(-c4ccc(-c5cccs5)s4)s3)N(CC(CCCCCCCCCC)CCCCCCCCCCCC)C(=O)C2=C1c1cccs1,54.9,3.12,3.9,21.1,BG/BC,30.0,1000.0,33.3,SiO2,300.0,11.0,Au,Si,"Spin coating - annealing",200.0,TCE/o-DCB,,Ambient,p,-5.3,-4.0,1.51,1.46,18.0,10000,,,,,1.51,
61-P3,118,190,2015,10.1039/c5sc00843c,Chemical Science,CCCCCCCCCCC(CCCCCCCC)CN1C(=O)C2=C(c3ccc(-c4ccc(-c5cccs5)s4)s3)N(CC(CCCCCCCC)CCCCCCCCCC)C(=O)C2=C1c1cccs1,38.3,2.16,3.9,18.9,BG/BC,30.0,1000.0,33.3,SiO2,300.0,11.0,Au,Si,"Spin coating - annealing",200.0,TCE/o-DCB,,Ambient,p,-5.3,-4.0,1.41,1.35,19.0,10000,,,,,1.41,
61-P4b,119,191,2015,10.1039/c5sc00843c,Chemical Science,CCCCCCCCCCCCC(CCCCCCCCCC)CN1C(=O)C2=C(c3ccc(-c4cccs4)s3)N(CC(CCCCCCCCCC)CCCCCCCCCCCC)C(=O)C2=C1c1ccc(-c2cccs2)s1,23.8,2.51,3.9,21.3,BG/BC,30.0,1000.0,33.3,SiO2,300.0,11.0,Au,Si,"Spin coating - annealing",200.0,TCE/o-DCB,,Ambient,p,-5.3,-3.9,1.13,1.1,-24.0,1000000,,,,,1.13,
PINDFBT-TT,120,192,2017,10.1039/c7tc01204g,Journal of Materials Chemistry C,CCCCCCCCCCCCc1csc(-c2cc(CCCCCCCCCCCC)c(-c3ccc4c(c3)N(CC(CCCCCCCCCC)CCCCCCCCCCCC)C(=O)/C4=C3/C(=O)Oc4c3ccc3c5c(ccc43)/C(=C3\C(=O)N(CC(CCCCCCCCCC)CCCCCCCCCCCC)c4ccccc43)C(=O)O5)s2)c1,19.4,3.5,,23.2,BG/BC,30.0,1000.0,33.3,SiO2,300.0,,Au,Si,"Spin coating - annealing",250.0,chloroform,,Nitrogen,ambipolar,-5.76,-3.78,0.0217,0.0208,-47.2,100,0.0717,0.0661,29.6,100,0.0717,
PINDFBT-HH,121,193,2017,10.1039/c7tc01204g,Journal of Materials Chemistry C,CCCCCCCCCCCCc1ccsc1-c1sc(-c2ccc3c(c2)N(CC(CCCCCCCCCC)CCCCCCCCCCCC)C(=O)/C3=C2/C(=O)Oc3c2ccc2c4c(ccc32)/C(=C2\C(=O)N(CC(CCCCCCCCCC)CCCCCCCCCCCC)c3ccccc32)C(=O)O4)cc1CCCCCCCCCCCC,25.8,3.0,,24.0,BG/BC,30.0,1000.0,33.3,SiO2,300.0,,Au,Si,"Spin coating - annealing",250.0,chloroform,,Nitrogen,ambipolar,-5.68,-3.77,0.147,0.0134,-36.1,100,0.332,0.305,39.1,100,0.332,
PI,122,194,2017,10.1021/acs.macromol.6b02447,Macromolecules,CCCCCCc1ccsc1/C=C/c1sc(-c2ccc(C3=C4C(=O)N(CCCC[Si](C)(O[Si](C)(C)C)O[Si](C)(C)C)C(c5cccs5)=C4C(=O)N3CCCC[Si](C)(O[Si](C)(C)C)O[Si](C)(C)C)s2)cc1CCCCCC,10.3,3.76,3.65,20.7,BG/TC,50.0,1000.0,20.0,OTS-modified SiO2,300.0,,Au,Si,"Spin coating - annealing",220.0,chlorobenzene,,Nitrogen,p,-5.2,-3.5,1.69,1.24,15.9,>10000,,,,,1.69,
PO,123,195,2017,10.1021/acs.macromol.6b02447,Macromolecules,CCCCCCc1csc(/C=C/c2cc(CCCCCC)c(-c3ccc(C4=C5C(=O)N(CCCC[Si](C)(O[Si](C)(C)C)O[Si](C)(C)C)C(c6cccs6)=C5C(=O)N4CCCC[Si](C)(O[Si](C)(C)C)O[Si](C)(C)C)s3)s2)c1,10.1,2.54,3.6,21.63,BG/TC,50.0,1000.0,20.0,OTS-modified SiO2,300.0,,Au,Si,"Spin coating - annealing",220.0,chlorobenzene,,Nitrogen,p,-5.1,-3.3,0.9,0.63,22.8,>10000,,,,,0.9,
L-PTIIG-HD-NP,124,196,2017,10.1021/acsami.7b07856,ACS Applied Materials & Interfaces,CCCCCCCCC(CCCCCC)CN1C(=O)/C(=C2/C(=O)N(CC(CCCCCC)CCCCCCCC)c3cc(-c4ccc5ccccc5c4)sc32)c2sccc21,24.6,2.05,3.7,21.5,TG/BC,20.0,1000.0,50.0,PMMA,500.0,,Ni/Au,Al,"Spin coating - annealing",300.0,TCB,,Nitrogen,p,-5.35,-3.9,1.87,1.31,-59.8,160-411,0.0344,0.0161,71.3,,1.87,
L-PTIIGOD-Np,125,197,2017,10.1021/acsami.7b07856,ACS Applied Materials & Interfaces,CCCCCCCCCCC(CCCCCCCC)CN1C(=O)/C(=C2/C(=O)N(CC(CCCCCCCC)CCCCCCCCCC)c3cc(-c4ccc5ccccc5c4)sc32)c2sccc21,34.3,2.81,3.7,24.2,TG/BC,20.0,1000.0,50.0,PMMA,500.0,,Ni/Au,Al,"Spin coating - annealing",300.0,TCB,,Nitrogen,p,-5.35,-3.92,0.111,0.0635,-58.2,217-413,0.00403,0.00258,71.1,,0.111,
L-PTIIGDT-Np,126,198,2017,10.1021/acsami.7b07856,ACS Applied Materials & Interfaces,CCCCCCCCCCCCC(CCCCCCCCCC)CN1C(=O)/C(=C2/C(=O)N(CC(CCCCCCCCCC)CCCCCCCCCCCC)c3cc(-c4ccc5ccccc5c4)sc32)c2sccc21,50.6,2.57,3.7,25.8,TG/BC,20.0,1000.0,50.0,PMMA,500.0,,Ni/Au,Al,"Spin coating - annealing",300.0,TCB,,Nitrogen,p,-5.33,-3.9,0.356,0.154,-53.1,36-84,0.0478,0.0266,63.8,,0.356,
IIDDT,127,199,2012,10.1002/adma.201202689,Advanced Materials,CCCCCCCCCCC(CCCCCCCC)CN1C(=O)/C(=C2/C(=O)N(CC(CCCCCCCC)CCCCCCCCCC)c3cc(-c4ccc(-c5cccs5)s4)ccc32)c2ccccc21,20.4,2.0,3.75,20.3,BG/TC,60.0,3000.0,50.0,OTS-modified SiO2,300.0,,Au,Si,"Spin coating - annealing",150.0,TCE,,Ambient,p,-5.7,-3.7,1.06,0.66,-18.0,>1000000,,,,,1.06,
IIDDT-C2,128,200,2012,10.1002/adma.201202689,Advanced Materials,CCCCCCCCCCC(CCCCCCCCCC)CCN1C(=O)/C(=C2/C(=O)N(CCC(CCCCCCCCCC)CCCCCCCCCC)c3cc(-c4ccc(-c5cccs5)s4)ccc32)c2ccccc21,18.4,2.0,3.61,23.7,BG/TC,60.0,3000.0,50.0,OTS-modified SiO2,300.0,,Au,Si,"Spin coating - annealing",200.0,TCE,,Ambient,p,-5.6,-3.7,0.4,0.28,-10.0,>100000,,,,,0.4,
IIDDT-C3,129,201,2012,10.1002/adma.201202689,Advanced Materials,CCCCCCCCCCC(CCCCCCCCCC)CCCN1C(=O)/C(=C2/C(=O)N(CCCC(CCCCCCCCCC)CCCCCCCCCC)c3cc(-c4ccc(-c5cccs5)s4)ccc32)c2ccccc21,39.2,3.2,3.57,24.7,BG/TC,60.0,3000.0,50.0,OTS-modified SiO2,300.0,,Au,Si,"Spin coating - annealing",175.0,TCE,,Ambient,p,-5.52,-3.74,3.62,2.98,-2.0,>1000000,,,,,3.62,
IIDDT-C4,130,202,2012,10.1002/adma.201202689,Advanced Materials,CCCCCCCCCCC(CCCCCCCCCC)CCCCN1C(=O)/C(=C2/C(=O)N(CCCCC(CCCCCCCCCC)CCCCCCCCCC)c3cc(-c4ccc(-c5cccs5)s4)ccc32)c2ccccc21,37.3,2.3,3.57,26.1,BG/TC,60.0,3000.0,50.0,OTS-modified SiO2,300.0,,Au,Si,"Spin coating - annealing",175.0,TCE,,Ambient,p,-5.5,-3.74,1.76,1.44,-5.0,>1000000,,,,,1.76,
BDPPV-C1,131,203,2014,10.1002/adfm.201401822,Advanced Functional Materials,C=Cc1ccc2c(c1)N(CC(CCCCCCCCCCCCCCCCCC)CCCCCCCCCCCCCCCCCC)C(=O)/C2=C1/C(=O)Oc2cc3c(cc21)OC(=O)/C3=C1/C(=O)N(CC(CCCCCCCCCCCCCCCCCC)CCCCCCCCCCCCCCCCCC)c2ccccc21,37.4,2.04,3.52,30.2,TG/BC,5.0,100.0,20.0,CYTOP,500.0,,Au/Ti,Al,"Spin coating - annealing",180.0,o-DCB,,Ambient,n,-6.16,-4.01,,,,,0.9,0.73,36.0,>100000,0.9,
BDPPV-C2,132,204,2014,10.1002/adfm.201401822,Advanced Functional Materials,C=Cc1ccc2c(c1)N(CCC(CCCCCCCCCCCCCCCCCC)CCCCCCCCCCCCCCCCCC)C(=O)/C2=C1/C(=O)Oc2cc3c(cc21)OC(=O)/C3=C1/C(=O)N(CCC(CCCCCCCCCCCCCCCCCC)CCCCCCCCCCCCCCCCCC)c2ccccc21,37.7,2.26,3.48,32.2,TG/BC,5.0,100.0,20.0,CYTOP,500.0,,Au/Ti,Al,"Spin coating - annealing",180.0,o-DCB,,Ambient,n,-6.15,-4.07,,,,,0.6,0.38,44.0,>10000,0.6,
BDPPV-C3,133,205,2014,10.1002/adfm.201401822,Advanced Functional Materials,C=Cc1ccc2c(c1)N(CCCC(CCCCCCCCCCCCCCCCCC)CCCCCCCCCCCCCCCCCC)C(=O)/C2=C1/C(=O)Oc2cc3c(cc21)OC(=O)/C3=C1/C(=O)N(CCCC(CCCCCCCCCCCCCCCCCC)CCCCCCCCCCCCCCCCCC)c2ccccc21,30.2,2.25,3.45,33.8,TG/BC,5.0,100.0,20.0,CYTOP,500.0,,Au/Ti,Al,"Spin coating - annealing",180.0,o-DCB,,Ambient,n,-6.16,-4.01,,,,,1.4,1.12,35.0,>100000,1.4,
BDPPV-C4,134,206,2014,10.1002/adfm.201401822,Advanced Functional Materials,C=Cc1ccc2c(c1)N(CCCCC(CCCCCCCCCCCCCCCCCC)CCCCCCCCCCCCCCCCCC)C(=O)/C2=C1/C(=O)Oc2cc3c(cc21)OC(=O)/C3=C1/C(=O)N(CCCCC(CCCCCCCCCCCCCCCCCC)CCCCCCCCCCCCCCCCCC)c2ccccc21,34.9,2.01,3.38,36.6,TG/BC,5.0,100.0,20.0,CYTOP,500.0,,Au/Ti,Al,"Spin coating - annealing",180.0,o-DCB,,Ambient,n,-6.15,-3.97,,,,,0.05,0.03,49.0,>10000,0.05,
BDPPV-C5,135,207,2014,10.1002/adfm.201401822,Advanced Functional Materials,C=Cc1ccc2c(c1)N(CCCCCC(CCCCCCCCCCCCCCCCCC)CCCCCCCCCCCCCCCCCC)C(=O)/C2=C1/C(=O)Oc2cc3c(cc21)OC(=O)/C3=C1/C(=O)N(CCCCCC(CCCCCCCCCCCCCCCCCC)CCCCCCCCCCCCCCCCCC)c2ccccc21,35.9,2.26,3.38,39.5,TG/BC,5.0,100.0,20.0,CYTOP,500.0,,Au/Ti,Al,"Spin coating - annealing",180.0,o-DCB,,Ambient,n,-6.16,-4.02,,,,,0.76,0.65,37.0,>100000,0.76,
BDPPV-C6,136,208,2014,10.1002/adfm.201401822,Advanced Functional Materials,C=Cc1ccc2c(c1)N(CCCCCCC(CCCCCCCCCCCCCCCCCC)CCCCCCCCCCCCCCCCCC)C(=O)/C2=C1/C(=O)Oc2cc3c(cc21)OC(=O)/C3=C1/C(=O)N(CCCCCCC(CCCCCCCCCCCCCCCCCC)CCCCCCCCCCCCCCCCCC)c2ccccc21,35.2,2.44,3.38,41.3,TG/BC,5.0,100.0,20.0,CYTOP,500.0,,Au/Ti,Al,"Spin coating - annealing",180.0,o-DCB,,Ambient,n,-6.12,-4.01,,,,,0.44,0.33,41.0,>1000,0.44,
pTBTD-5DH,137,209,2014,10.1002/adfm.201304231,Advanced Functional Materials,CCCCCCCCCCCCc1cc(-c2cccs2)sc1-c1ccc(-c2ccc(-c3ccc(-c4sc(-c5ccc(C6=C7C(=O)N(CCCCC(CCCCCCCCCC)CCCCCCCCCCCC)C=C7C(=O)N6CCCCC(CCCCCCCCCC)CCCCCCCCCCCC)s5)cc4CCCCCCCCCCCC)s3)c3nsnc23)s1,44.0,2.3,3.61,24.88,BG/BC,50.0,2000.0,40.0,OTS-modified SiO2,300.0,,Cr/Au,Si,"Spin coating - annealing",300.0,o-DCB,,Nitrogen,p,-5.27,-3.78,2.0,1.74,13.1,100000-1000000,,,,,2.0,
pTBTD-2DT,138,210,2014,10.1002/adfm.201304231,Advanced Functional Materials,CCCCCCCCCCCCc1cc(-c2cccs2)sc1-c1ccc(-c2ccc(-c3ccc(-c4sc(-c5ccc(C6=C7C(=O)N(CC(CCCCCCCCCC)CCCCCCCCCCCC)C=C7C(=O)N6CC(CCCCCCCCCC)CCCCCCCCCCCC)s5)cc4CCCCCCCCCCCC)s3)c3nsnc23)s1,28.0,2.5,3.73,22.07,BG/BC,50.0,2000.0,40.0,OTS-modified SiO2,300.0,,Cr/Au,Si,"Spin coating - annealing",300.0,o-DCB,,Nitrogen,p,-5.34,-3.74,0.54,0.4,-2.7,1000000-10000000,,,,,0.54,
pTBTD-2OD,139,211,2014,10.1002/adfm.201304231,Advanced Functional Materials,CCCCCCCCCCCCCCCCCCN1C=C2C(=O)N(CCCCCCCCCCCCCCCCCC)C(c3ccc(-c4cc(CCCCCCCCCCCC)c(-c5ccc(-c6ccc(-c7ccc(-c8sc(-c9cccs9)cc8CCCCCCCCCCCC)s7)c7nsnc67)s5)s4)s3)=C2C1=O,14.0,2.5,3.62,22.29,BG/BC,50.0,2000.0,40.0,OTS-modified SiO2,300.0,,Cr/Au,Si,"Spin coating - annealing",300.0,o-DCB,,Nitrogen,p,-5.21,-3.8,0.34,0.3,7.0,1000000-10000000,,,,,0.34,
P(NDI1-T),140,212,2018,10.1002/adfm.201803613,Advanced Functional Materials,CCCCCCC(CCCCCC)CN1C(=O)c2ccc3c4c(c(-c5cccs5)cc(c24)C1=O)C(=O)N(CC(CCCCCC)CCCCCC)C3=O,17.0,1.8,4.1,21.3,BG/TC,150.0,1500.0,10.0,ODTS-modified SiO2,200.0,,Au,Si,"Spin coating - annealing",250.0,chloroform,,Nitrogen,n,-5.65,-3.82,,,,,0.034,0.029,17.2,100000,0.034,
P(NDI2-T),141,213,2018,10.1002/adfm.201803613,Advanced Functional Materials,CCCCCCC(CCCCCC)CCN1C(=O)c2ccc3c4c(c(-c5cccs5)cc(c24)C1=O)C(=O)N(CCC(CCCCCC)CCCCCC)C3=O,19.0,1.8,4.0,24.6,BG/TC,150.0,1500.0,10.0,ODTS-modified SiO2,200.0,,Au,Si,"Spin coating - annealing",250.0,chloroform,,Nitrogen,n,-5.59,-3.82,,,,,0.093,0.0735,16.3,1000000,0.093,
P(NDI3-T),142,214,2018,10.1002/adfm.201803613,Advanced Functional Materials,CCCCCCC(CCCCCC)CCCN1C(=O)c2ccc3c4c(c(-c5cccs5)cc(c24)C1=O)C(=O)N(CCCC(CCCCCC)CCCCCC)C3=O,15.0,1.3,3.9,26.6,BG/TC,150.0,1500.0,10.0,ODTS-modified SiO2,200.0,,Au,Si,"Spin coating - annealing",250.0,chloroform,,Nitrogen,n,-5.56,-3.85,,,,,0.142,0.101,17.0,1000000,0.142,
P(NDI4-T),143,215,2018,10.1002/adfm.201803613,Advanced Functional Materials,CCCCCCC(CCCCCC)CCCCN1C(=O)c2ccc3c4c(c(-c5cccs5)cc(c24)C1=O)C(=O)N(CCCCC(CCCCCC)CCCCCC)C3=O,21.0,1.4,4.0,27.5,BG/TC,150.0,1500.0,10.0,ODTS-modified SiO2,200.0,,Au,Si,"Spin coating - annealing",250.0,chloroform,,Nitrogen,n,-5.59,-3.86,,,,,0.217,0.118,17.9,1000000,0.217,
C1-INDTT,144,216,2015,10.1021/acs.macromol.5b00542,Macromolecules,CCCCCCCCCCC(CCCCCCCC)COc1ccc2c(c1)c1c(-c3cccs3)c(=O)n3c4ccc(OCC(CCCCCCCC)CCCCCCCCCC)cc4c4c(-c5ccc(-c6cccs6)s5)c(=O)n2c1c43,20.0,4.0,3.66,22.4,TG/BC,40.0,1000.0,25.0,CYTOP,,,Au,Al,"Spin coating - annealing",190.0,chlorobenzene,,Nitrogen,ambipolar,-5.02,-3.76,0.29,,-92.0,10-100,0.31,,37.0,1000-10000,0.31,
C3-INDTT,145,217,2017,10.1002/adfm.201704069,Advanced Functional Materials,CCCCCCCCCCC(CCCCCCCC)CCCOc1ccc2c(c1)c1c(-c3cccs3)c(=O)n3c4ccc(OCCCC(CCCCCCCC)CCCCCCCCCC)cc4c4c(-c5ccc(-c6cccs6)s5)c(=O)n2c1c43,27.0,3.1,3.59,26.8,TG/BC,40.0,1000.0,25.0,CYTOP,,,Au,Al,"Spin coating - annealing",190.0,chlorobenzene,,Nitrogen,ambipolar,-4.99,-3.78,0.11,0.1,-112.0,10-100,1.01,0.93,79.0,10000-100000,1.01,
C1-INDTS,146,218,2015,10.1021/acs.macromol.5b00542,Macromolecules,CCCCCCCCCCC(CCCCCCCC)COc1ccc2c(c1)c1c(-c3cccs3)c(=O)n3c4ccc(OCC(CCCCCCCC)CCCCCCCCCC)cc4c4c(-c5ccc(-c6ccc[se]6)s5)c(=O)n2c1c43,25.0,3.32,3.62,22.8,TG/BC,40.0,1000.0,25.0,CYTOP,,,Au,Al,"Spin coating - annealing",190.0,chlorobenzene,,Nitrogen,ambipolar,-4.99,-3.77,0.2,,-101.0,10-100,0.99,,74.0,1000,0.99,
C3-INDTS,147,219,2017,10.1002/adfm.201704069,Advanced Functional Materials,CCCCCCCCCCC(CCCCCCCC)CCCOc1ccc2c(c1)c1c(-c3cccs3)c(=O)n3c4ccc(OCCCC(CCCCCCCC)CCCCCCCCCC)cc4c4c(-c5ccc(-c6ccc[se]6)s5)c(=O)n2c1c43,32.0,3.9,3.58,26.2,TG/BC,40.0,1000.0,25.0,CYTOP,,,Au,Al,"Spin coating - annealing",190.0,chlorobenzene,,Nitrogen,ambipolar,-4.99,-3.76,0.13,0.13,-65.0,10-100,1.04,0.89,54.0,10000-100000,1.04,
C1-INDTBT,148,220,2015,10.1021/acs.macromol.5b00542,Macromolecules,CCCCCCCCCCC(CCCCCCCC)COc1ccc2c(c1)c1c(-c3cccs3)c(=O)n3c4ccc(OCC(CCCCCCCC)CCCCCCCCCC)cc4c4c(-c5ccc(-c6cccc7nsnc67)s5)c(=O)n2c1c43,40.0,2.98,3.66,23.3,TG/BC,40.0,1000.0,25.0,CYTOP,,,Au,Al,"Spin coating - annealing",190.0,chlorobenzene,,Nitrogen,ambipolar,-4.97,-3.74,0.52,,-121.0,10,3.11,,74.0,10000,3.11,
C3-INDTBT,149,221,2017,10.1002/adfm.201704069,Advanced Functional Materials,CCCCCCCCCCC(CCCCCCCC)CCCOc1ccc2c(c1)c1c(-c3cccs3)c(=O)n3c4ccc(OCCCC(CCCCCCCC)CCCCCCCCCC)cc4c4c(-c5ccc(-c6cccc7nsnc67)s5)c(=O)n2c1c43,50.0,3.2,3.6,27.0,TG/BC,40.0,1000.0,25.0,CYTOP,,,Au,Al,"Spin coating - annealing",190.0,chlorobenzene,,Nitrogen,ambipolar,-5.02,-3.78,0.38,0.29,-107.0,1000,0.63,0.57,88.0,10000-100000,0.63,
25-DPP-SVS,150,222,2015,10.1021/cm504545e,Chemistry of materials,CCCCCCCCCCCCC(CCCCCCCCCC)CCN1C(=O)C2=C(c3ccc(-c4ccc(/C=C/c5ccc[se]5)[se]4)s3)N(CCC(CCCCCCCCCC)CCCCCCCCCCCC)C(=O)C2=C1c1cccs1,23.7,1.6,3.6,25.2,BG/TC,50.0,1000.0,20.0,OTS-modified SiO2,300.0,,Au,Si,"Spin coating - annealing",200.0,chloroform,,Nitrogen,p,-5.15,-3.84,3.29,1.81,,100000,,,,,3.29,
26-DPP-SVS,151,223,2015,10.1021/cm504545e,Chemistry of materials,CCCCCCCCCCCCC(CCCCCCCCCC)CCCN1C(=O)C2=C(c3ccc(-c4ccc(/C=C/c5ccc[se]5)[se]4)s3)N(CCCC(CCCCCCCCCC)CCCCCCCCCCCC)C(=O)C2=C1c1cccs1,19.8,1.17,3.6,27.8,BG/TC,50.0,1000.0,20.0,OTS-modified SiO2,300.0,,Au,Si,"Spin coating - annealing",200.0,chloroform,,Nitrogen,p,-5.13,-3.86,0.37,0.24,,100000,,,,,0.37,
27-DPP-SVS,152,224,2015,10.1021/cm504545e,Chemistry of materials,CCCCCCCCCCCCC(CCCCCCCCCC)CCCCN1C(=O)C2=C(c3ccc(-c4ccc(/C=C/c5ccc[se]5)[se]4)s3)N(CCCCC(CCCCCCCCCC)CCCCCCCCCCCC)C(=O)C2=C1c1cccs1,31.4,1.55,3.6,25.2,BG/TC,50.0,1000.0,20.0,OTS-modified SiO2,300.0,,Au,Si,"Spin coating - annealing",200.0,chloroform,,Nitrogen,p,-5.19,-3.93,2.25,1.8,,1000000,,,,,2.25,
28-DPP-SVS,153,225,2015,10.1021/cm504545e,Chemistry of materials,CCCCCCCCCCCCC(CCCCCCCCCC)CCCCCN1C(=O)C2=C(c3ccc(-c4ccc(/C=C/c5ccc[se]5)[se]4)s3)N(CCCCCC(CCCCCCCCCC)CCCCCCCCCCCC)C(=O)C2=C1c1cccs1,25.6,1.29,3.6,27.6,BG/TC,50.0,1000.0,20.0,OTS-modified SiO2,300.0,,Au,Si,"Spin coating - annealing",200.0,chloroform,,Nitrogen,p,-5.17,-3.92,0.43,0.37,,100000,,,,,0.43,
29-DPP-SVS,154,226,2015,10.1021/cm504545e,Chemistry of materials,CCCCCCCCCCCCC(CCCCCCCCCC)CCCCCCN1C(=O)C2=C(c3ccc(-c4ccc(/C=C/c5ccc[se]5)[se]4)s3)N(CCCCCCC(CCCCCCCCCC)CCCCCCCCCCCC)C(=O)C2=C1c1cccs1,34.1,1.71,3.6,26.4,BG/TC,50.0,1000.0,20.0,OTS-modified SiO2,300.0,,Au,Si,"Spin coating - annealing",200.0,chloroform,,Nitrogen,p,-5.14,-3.91,4.69,3.99,,10000000,,,,,4.69,
30-DPP-SVS,155,227,2015,10.1021/cm504545e,Chemistry of materials,CCCCCCCCCCCCC(CCCCCCCCCC)CCCCCCCN1C(=O)C2=C(c3ccc(-c4ccc(/C=C/c5ccc[se]5)[se]4)s3)N(CCCCCCCC(CCCCCCCCCC)CCCCCCCCCCCC)C(=O)C2=C1c1cccs1,38.5,1.56,3.6,28.0,BG/TC,50.0,1000.0,20.0,OTS-modified SiO2,300.0,,Au,Si,"Spin coating - annealing",200.0,chloroform,,Nitrogen,p,-5.16,-3.93,5.38,5.06,,10000,,,,,5.38,
31-DPP-SVS,156,228,2015,10.1021/cm504545e,Chemistry of materials,CCCCCCCCCCCCC(CCCCCCCCCC)CCCCCCCCN1C(=O)C2=C(c3ccc(-c4ccc(/C=C/c5ccc[se]5)[se]4)s3)N(CCCCCCCCC(CCCCCCCCCC)CCCCCCCCCCCC)C(=O)C2=C1c1cccs1,27.8,1.13,3.6,30.4,BG/TC,50.0,1000.0,20.0,OTS-modified SiO2,300.0,,Au,Si,"Spin coating - annealing",200.0,chloroform,,Nitrogen,p,-5.12,-3.87,3.86,2.11,,1000000,,,,,3.86,
32-DPP-SVS,157,229,2015,10.1021/cm504545e,Chemistry of materials,CCCCCCCCCCCCC(CCCCCCCCCC)CCCCCCCCCN1C(=O)C2=C(c3ccc(-c4ccc(/C=C/c5ccc[se]5)[se]4)s3)N(CCCCCCCCCC(CCCCCCCCCC)CCCCCCCCCCCC)C(=O)C2=C1c1cccs1,33.2,1.14,3.6,29.4,BG/TC,50.0,1000.0,20.0,OTS-modified SiO2,300.0,,Au,Si,"Spin coating - annealing",200.0,chloroform,,Nitrogen,p,-5.17,-3.93,3.71,2.05,,100000,,,,,3.71,
25-DPP-TVT,158,230,2015,10.1039/c5tc02565f,Journal of Materials Chemistry C,CCCCCCCCCCCCC(CCCCCCCCCC)CCN1C(=O)C2=C(c3ccc(-c4ccc(/C=C/c5cccs5)s4)s3)N(CCC(CCCCCCCCCC)CCCCCCCCCCCC)C(=O)C2=C1c1cccs1,633.0,1.27,,20.82,BG/TC,50.0,1000.0,20.0,OTS-modified SiO2,300.0,,Au,Si,"Spin coating - annealing",200.0,,,Nitrogen,p,-5.28,-3.97,2.62,1.98,,10000,,,,,2.62,
26-DPP-TVT,159,231,2015,10.1039/c5tc02565f,Journal of Materials Chemistry C,CCCCCCCCCCCCC(CCCCCCCCCC)CCCN1C(=O)C2=C(c3ccc(-c4ccc(/C=C/c5cccs5)s4)s3)N(CCCC(CCCCCCCCCC)CCCCCCCCCCCC)C(=O)C2=C1c1cccs1,348.0,3.28,,27.41,BG/TC,50.0,1000.0,20.0,OTS-modified SiO2,300.0,,Au,Si,"Spin coating - annealing",200.0,,,Nitrogen,p,-5.26,-4.03,0.63,0.57,,10000,,,,,0.63,
27-DPP-TVT,160,232,2015,10.1039/c5tc02565f,Journal of Materials Chemistry C,CCCCCCCCCCCCC(CCCCCCCCCC)CCCCN1C(=O)C2=C(c3ccc(-c4ccc(/C=C/c5cccs5)s4)s3)N(CCCCC(CCCCCCCCCC)CCCCCCCCCCCC)C(=O)C2=C1c1cccs1,284.0,2.25,,25.07,BG/TC,50.0,1000.0,20.0,OTS-modified SiO2,300.0,,Au,Si,"Spin coating - annealing",200.0,,,Nitrogen,p,-5.27,-3.98,2.81,1.41,,1000,,,,,2.81,
28-DPP-TVT,161,233,2015,10.1039/c5tc02565f,Journal of Materials Chemistry C,CCCCCCCCCCCCC(CCCCCCCCCC)CCCCCN1C(=O)C2=C(c3ccc(-c4ccc(/C=C/c5cccs5)s4)s3)N(CCCCCC(CCCCCCCCCC)CCCCCCCCCCCC)C(=O)C2=C1c1cccs1,49.0,5.9,,27.93,BG/TC,50.0,1000.0,20.0,OTS-modified SiO2,300.0,,Au,Si,"Spin coating - annealing",200.0,,,Nitrogen,p,-5.27,-3.9,0.23,0.2,,1000000,,,,,0.23,
29-DPP-TVT,162,234,2015,10.1039/c5tc02565f,Journal of Materials Chemistry C,CCCCCCCCCCCCC(CCCCCCCCCC)CCCCCCN1C(=O)C2=C(c3ccc(-c4ccc(/C=C/c5cccs5)s4)s3)N(CCCCCCC(CCCCCCCCCC)CCCCCCCCCCCC)C(=O)C2=C1c1cccs1,519.0,2.67,,25.21,BG/TC,50.0,1000.0,20.0,OTS-modified SiO2,300.0,,Au,Si,"Spin coating - annealing",200.0,,,Nitrogen,p,-5.25,-3.97,5.24,3.21,,1000000,,,,,5.24,
30-DPP-TVT,163,235,2015,10.1039/c5tc02565f,Journal of Materials Chemistry C,CCCCCCCCCCCCC(CCCCCCCCCC)CCCCCCCN1C(=O)C2=C(c3ccc(-c4ccc(/C=C/c5cccs5)s4)s3)N(CCCCCCCC(CCCCCCCCCC)CCCCCCCCCCCC)C(=O)C2=C1c1cccs1,44.0,1.26,,31.07,BG/TC,50.0,1000.0,20.0,OTS-modified SiO2,300.0,,Au,Si,"Spin coating - annealing",200.0,,,Nitrogen,p,-5.27,-4.0,0.77,0.57,,100000,,,,,0.77,
31-DPP-TVT,164,236,2015,10.1039/c5tc02565f,Journal of Materials Chemistry C,CCCCCCCCCCCCC(CCCCCCCCCC)CCCCCCCCN1C(=O)C2=C(c3ccc(-c4ccc(/C=C/c5cccs5)s4)s3)N(CCCCCCCCC(CCCCCCCCCC)CCCCCCCCCCCC)C(=O)C2=C1c1cccs1,179.0,3.22,,30.02,BG/TC,50.0,1000.0,20.0,OTS-modified SiO2,300.0,,Au,Si,"Spin coating - annealing",200.0,,,Nitrogen,p,-5.26,-3.94,3.6,3.18,,100000,,,,,3.6,
32-DPP-TVT,165,237,2015,10.1039/c5tc02565f,Journal of Materials Chemistry C,CCCCCCCCCCCCC(CCCCCCCCCC)CCCCCCCCCN1C(=O)C2=C(c3ccc(-c4ccc(/C=C/c5cccs5)s4)s3)N(CCCCCCCCCC(CCCCCCCCCC)CCCCCCCCCCCC)C(=O)C2=C1c1cccs1,242.0,2.39,,28.65,BG/TC,50.0,1000.0,20.0,OTS-modified SiO2,300.0,,Au,Si,"Spin coating - annealing",200.0,chloroform,,Nitrogen,p,-5.27,-3.97,3.27,3.1,,1000000,,,,,3.27,
PTBI-1,166,238,2018,10.1021/acs.macromol.8b01946,Macromolecules,CCCCCCCCCCCCN1C(=O)/C(=C2/C(=O)N(CCCC(CCCCCCCCCC)CCCCCCCCCC)c3ccccc32)c2sc(-c3cc4c(s3)/C(=C3\C(=O)N(CCCC(CCCCCCCCCC)CCCCCCCCCC)c5cc(-c6ccc(-c7cccs7)s6)ccc53)C(=O)N4CCCCCCCCCCCC)cc21,9.8,1.5,3.52,24.6,BG/BC,30.0,1000.0,33.3,OTS-modified SiO2,300.0,11.0,Au,Si,"Spin coating - annealing",120.0,o-DCB,4000.0,Ambient,p,-5.42,-4.01,0.53,0.4,-8.0,10000,,,,,0.53,
PTBI-2,167,239,2018,10.1021/acs.macromol.8b01946,Macromolecules,CCCCCCCCCCCCN1C(=O)/C(=C2/C(=O)N(CCCC(CCCCCCCCCC)CCCCCCCCCC)c3cc(-c4cc5c(s4)/C(=C4\C(=O)N(CCCCCCCCCCCC)c6cc(-c7ccc(-c8cccs8)s7)ccc64)C(=O)N5CCCC(CCCCCCCCCC)CCCCCCCCCC)sc32)c2ccccc21,8.6,1.4,3.51,24.6,BG/BC,30.0,1000.0,33.3,OTS-modified SiO2,300.0,11.0,Au,Si,"Spin coating - annealing",120.0,o-DCB,4000.0,Ambient,p,-5.43,-4.01,2.22,1.37,-5.0,10000,,,,,2.22,
P(NDIO-EH),168,240,2018,10.1021/acsami.8b01196,ACS Applied Materials & Interfaces,C#Cc1cc(CC(CC)CCCC)c(C#Cc2cc3c4c(ccc5c4c2C(=O)N(CCCCCCCC)C5=O)C(=O)N(CCCCCCCC)C3=O)cc1CC(CC)CCCC,7.5,1.56,4.19,19.04,TG/BC,30.0,1000.0,33.3,CYTOP,900.0,,Au/Al,Al,"Spin coating - annealing",120.0,chloroform,,Nitrogen,n,-5.8,-3.8,,,,,0.0011,,42.8,2300,0.0011,
P(NDIOD-EH),169,241,2018,10.1021/acsami.8b01196,ACS Applied Materials & Interfaces,C#Cc1cc(CC(CC)CCCC)c(C#Cc2cc3c4c(ccc5c4c2C(=O)N(CC(CCCCCCCC)CCCCCCCCCC)C5=O)C(=O)N(CC(CCCCCCCC)CCCCCCCCCC)C3=O)cc1CC(CC)CCCC,56.7,2.56,4.05,22.44,TG/BC,30.0,1000.0,33.3,CYTOP,900.0,,Au/Al,Al,"Spin coating - annealing",120.0,chlorobenzene,,Nitrogen,n,-6.1,-4.1,,,,,0.0092,,31.3,38000,0.0092,
P(NDIOD-HO),170,242,2018,10.1021/acsami.8b01196,ACS Applied Materials & Interfaces,C#Cc1cc(OCCCCCCCCCCCCCCCC)c(C#Cc2cc3c4c(ccc5c4c2C(=O)N(CC(CCCCCCCC)CCCCCCCCCC)C5=O)C(=O)N(CC(CCCCCCCC)CCCCCCCCCC)C3=O)cc1OCCCCCCCCCCCCCCCC,117.0,1.84,3.81,29.92,TG/BC,30.0,1000.0,33.3,CYTOP,900.0,,Au/Al,Al,"Spin coating - annealing",120.0,chlorobenzene,,Nitrogen,n,-5.7,-4.0,,,,,0.016,,30.7,41000,0.016,
P(OD-DPPBT),171,243,2018,10.1021/acsami.8b13292,ACS Applied Materials & Interfaces,CCCCCCCCCCC(CCCCCCCC)CN1C(=O)C2=C(c3ccc(-c4ccc(-c5cccs5)s4)s3)N(CC(CCCCCCCC)CCCCCCCCCC)C(=O)C2=C1c1cccs1,77.4,1.76,3.86,20.6,TG/BC,100.0,1500.0,15.0,SiO2,,,,,"Spin coating - annealing",250.0,chloroform,,,p,-5.31,-4.02,0.67,0.62,2.2,200000,,,,,0.67,
P(ODE3-DPPBT),172,244,2018,10.1021/acsami.8b13292,ACS Applied Materials & Interfaces,CCCCCCCCCCC(CCCCCCCC)COC(=O)CCCN1C(=O)C2=C(c3ccc(-c4ccc(-c5cccs5)s4)s3)N(CCCC(=O)OCC(CCCCCCCC)CCCCCCCCCC)C(=O)C2=C1c1cccs1,162.6,2.4,3.85,23.3,TG/BC,100.0,1500.0,15.0,SiO2,,,,,"Spin coating - annealing",250.0,chloroform,,,p,-5.29,-3.92,0.9,0.84,7.9,400000,,,,,0.9,
P(ODE5-DPPBT),173,245,2018,10.1021/acsami.8b13292,ACS Applied Materials & Interfaces,CCCCCCCCCCC(CCCCCCCC)COC(=O)CCCCCN1C(=O)C2=C(c3ccc(-c4ccc(-c5cccs5)s4)s3)N(CCCCCC(=O)OCC(CCCCCCCC)CCCCCCCCCC)C(=O)C2=C1c1cccs1,196.0,2.69,3.63,27.5,TG/BC,100.0,1500.0,15.0,SiO2,,,,,"Spin coating - annealing",250.0,chloroform,,,p,-5.09,-3.72,1.68,1.56,0.1,>10000000,,,,,1.68,
P(DD-DPPBT),174,246,2018,10.1021/acsami.8b13292,ACS Applied Materials & Interfaces,CCCCCCCCCCCCC(CCCCCCCCCC)CN1C(=O)C2=C(c3ccc(-c4ccc(-c5cccs5)s4)s3)N(CC(CCCCCCCCCC)CCCCCCCCCCCC)C(=O)C2=C1c1cccs1,192.8,3.43,3.62,30.1,TG/BC,100.0,1500.0,15.0,SiO2,,,,,"Spin coating - annealing",250.0,chloroform,,,p,-5.05,-3.75,1.65,1.52,-4.4,10000,,,,,1.65,
P(DDE3-DPPBT),175,247,2018,10.1021/acsami.8b13292,ACS Applied Materials & Interfaces,CCCCCCCCCCCCC(CCCCCCCCCC)COC(=O)CCCN1C(=O)C2=C(c3ccc(-c4ccc(-c5cccs5)s4)s3)N(CCCC(=O)OCC(CCCCCCCCCC)CCCCCCCCCCCC)C(=O)C2=C1c1cccs1,173.2,2.7,3.62,30.3,TG/BC,100.0,1500.0,15.0,SiO2,,,,,"Spin coating - annealing",250.0,chloroform,,,p,-5.11,-3.74,1.78,1.55,1.8,100000,,,,,1.78,
P(DDE5-DPPBT),176,248,2018,10.1021/acsami.8b13292,ACS Applied Materials & Interfaces,CCCCCCCCCCCCC(CCCCCCCCCC)COC(=O)CCCCCN1C(=O)C2=C(c3ccc(-c4ccc(-c5cccs5)s4)s3)N(CCCCCC(=O)OCC(CCCCCCCCCC)CCCCCCCCCCCC)C(=O)C2=C1c1cccs1,177.7,2.36,3.62,31.4,TG/BC,100.0,1500.0,15.0,SiO2,,,,,"Spin coating - annealing",250.0,chloroform,,,p,-5.04,-3.69,2.3,2.0,1.7,200000,,,,,2.3,
PDPP3T,177,249,2017,10.1002/advs.201700048,Advanced Science,CCCCCCCCCCC(CCCCCCCC)CN1C(=O)C2=C(c3ccc(-c4cccs4)s3)N(CC(CCCCCCCC)CCCCCCCCCC)C(=O)C2=C1c1cccs1,30.9,2.2,3.73,,BG/BC,,,,OTS-modified SiO2,300.0,,Au,Si,"Spin coating - annealing",100.0,o-DCB,2000.0,Ambient,p,-5.41,-3.46,1.48,0.9,-14.5,1000-10000,,,,,1.48,The authors mention a channel length of 5or 10 microns
PDPP3T-1,178,250,2017,10.1002/advs.201700048,Advanced Science,CCCCCCCCCCC(CCCCCCCC)CN1C(=O)C2=C(c3cccs3)N(CCOCCOCCOC)C(=O)C2=C1c1ccc(-c2cccs2)s1,17.6,3.0,3.61,17.9,BG/BC,,,,OTS-modified SiO2,300.0,,Au,Si,"Spin coating - annealing",100.0,o-DCB,2000.0,Ambient,p,-5.33,-3.63,2.6,2.0,-3.5,10000-100000,,,,,2.6,
PNDI-OR,179,251,2015,10.1039/c4cc08381d,Chemical Communications,CCCCCCCCOCCOCCOCCOCCN1C(=O)c2ccc3c4c(c(-c5ccc(/C=C/c6cccs6)s5)cc(c24)C1=O)C(=O)N(CCOCCOCCOCCOCCCCCCCC)C3=O,16.5,2.74,4.0,26.3,BG/TC,150.0,1500.0,10.0,OTS-modified SiO2,300.0,,Au,Si,"Spin coating - annealing",250.0,chloroform,2000.0,Nitrogen,p,-5.28,-4.05,0.091,0.088,9.7,100000,,,,,0.091,
PNDI-RO,180,252,2015,10.1039/c4cc08381d,Chemical Communications,COCCOCCOCCOCCCCCCCCN1C(=O)c2ccc3c4c(c(-c5ccc(/C=C/c6cccs6)s5)cc(c24)C1=O)C(=O)N(CCCCCCCCOCCOCCOCCOC)C3=O,24.3,2.89,3.9,28.1,BG/TC,150.0,1500.0,10.0,OTS-modified SiO2,300.0,,Au,Si,"Spin coating - annealing",250.0,chloroform,2000.0,Nitrogen,p,-5.3,-4.01,0.43,0.32,12.7,10000000,,,,,0.43,
61-P1,115,253,2015,10.1039/c5sc00843c,Chemical Science,CCCCCCCCCCC(CCCCCCCC)CN1C(=O)C2=C(c3ccc(-c4ccc(-c5cccs5)s4)s3)N(CC(CCCCCCCC)CCCCCCCCCC)C(=O)C2=C1c1cccs1,21.4,2.03,3.8,19.1,BG/BC,30.0,1000.0,33.3,SiO2,200.0,17.0,Au,Si,"Spin coating - annealing",150.0,TCE/o-DCB,,Ambient,p,-5.3,-4.1,2.1,1.6,-6.0,1000000,,,,,2.1,
61-P2a,116,254,2015,10.1039/c5sc00843c,Chemical Science,CCCCCCCCCCC(CCCCCCCC)CN1C(=O)C2=C(c3ccc(-c4ccc(-c5cccs5)s4)s3)N(CC(CCCCCCCC)CCCCCCCCCC)C(=O)C2=C1c1cccs1,47.0,2.9,3.8,19.1,BG/BC,30.0,1000.0,33.3,SiO2,200.0,17.0,Au,Si,"Spin coating - annealing",150.0,TCE/o-DCB,,Ambient,p,-5.3,-4.0,2.1,1.58,-10.0,10000,,,,,2.1,
61-P2b,117,255,2015,10.1039/c5sc00843c,Chemical Science,CCCCCCCCCCCCC(CCCCCCCCCC)CN1C(=O)C2=C(c3ccc(-c4ccc(-c5cccs5)s4)s3)N(CC(CCCCCCCCCC)CCCCCCCCCCCC)C(=O)C2=C1c1cccs1,54.9,3.12,3.9,21.3,BG/BC,30.0,1000.0,33.3,SiO2,300.0,11.0,Au,Si,"Spin coating - annealing",150.0,TCE/o-DCB,,Ambient,p,-5.3,-4.0,3.37,2.65,18.0,10000,,,,,3.37,
61-P3,118,256,2015,10.1039/c5sc00843c,Chemical Science,CCCCCCCCCCC(CCCCCCCC)CN1C(=O)C2=C(c3ccc(-c4ccc(-c5cccs5)s4)s3)N(CC(CCCCCCCC)CCCCCCCCCC)C(=O)C2=C1c1cccs1,38.3,2.16,3.9,19.1,BG/BC,30.0,1000.0,33.3,SiO2,300.0,11.0,Au,Si,"Spin coating - annealing",150.0,TCE/o-DCB,,Ambient,p,-5.3,-4.0,1.74,1.62,17.0,10000,,,,,1.74,
61-P4b,119,257,2015,10.1039/c5sc00843c,Chemical Science,CCCCCCCCCCCCC(CCCCCCCCCC)CN1C(=O)C2=C(c3ccc(-c4cccs4)s3)N(CC(CCCCCCCCCC)CCCCCCCCCCCC)C(=O)C2=C1c1ccc(-c2cccs2)s1,23.8,2.51,3.9,21.5,BG/BC,30.0,1000.0,33.3,SiO2,300.0,11.0,Au,Si,"Spin coating - annealing",150.0,TCE/o-DCB,,Ambient,p,-5.3,-3.9,0.94,0.9,-8.0,1000000,,,,,0.94,
H-PTIIG-HD-NP,124,258,2017,10.1021/acsami.7b07856,ACS Applied Materials & Interfaces,CCCCCCCCC(CCCCCC)CN1C(=O)/C(=C2/C(=O)N(CC(CCCCCC)CCCCCCCC)c3cc(-c4ccc5ccccc5c4)sc32)c2sccc21,61.3,2.11,3.7,21.4,TG/BC,20.0,1000.0,50.0,PMMA,500.0,,Ni/Au,Al,"Spin coating - annealing",300.0,TCB,,Nitrogen,p,-5.32,-3.9,1.64,1.17,-62.1,588-1357,0.0189,0.01611,71.4,,1.64,
H-PTIIGOD-Np,125,259,2017,10.1021/acsami.7b07856,ACS Applied Materials & Interfaces,CCCCCCCCCCC(CCCCCCCC)CN1C(=O)/C(=C2/C(=O)N(CC(CCCCCCCC)CCCCCCCCCC)c3cc(-c4ccc5ccccc5c4)sc32)c2sccc21,63.8,3.19,3.7,24.5,TG/BC,20.0,1000.0,50.0,PMMA,500.0,,Ni/Au,Al,"Spin coating - annealing",300.0,TCB,,Nitrogen,p,-5.36,-3.91,0.606,0.346,-59.3,347-520,0.0149,0.01356,76.0,,0.606,
H-PTIIGDT-Np,126,260,2017,10.1021/acsami.7b07856,ACS Applied Materials & Interfaces,CCCCCCCCCCCCC(CCCCCCCCCC)CN1C(=O)/C(=C2/C(=O)N(CC(CCCCCCCCCC)CCCCCCCCCCCC)c3cc(-c4ccc5ccccc5c4)sc32)c2sccc21,108.7,3.79,3.7,27.7,TG/BC,20.0,1000.0,50.0,PMMA,500.0,,Ni/Au,Al,"Spin coating - annealing",300.0,TCB,,Nitrogen,p,-5.35,-3.91,0.108,0.0748,-52.0,49-92,0.0163,0.0114,63.5,,0.108,
P(OD-DPPBT),171,261,2018,10.1021/acsami.8b13292,ACS Applied Materials & Interfaces,CCCCCCCCCCC(CCCCCCCC)CN1C(=O)C2=C(c3ccc(-c4ccc(-c5cccs5)s4)s3)N(CC(CCCCCCCC)CCCCCCCCCC)C(=O)C2=C1c1cccs1,77.4,1.76,3.86,20.6,TG/BC,100.0,1500.0,15.0,SiO2,,,,,"Spin coating - annealing",150.0,chloroform,,,p,-5.31,-4.02,0.61,0.57,-6.2,200000,,,,,0.61,
P(ODE3-DPPBT),172,262,2018,10.1021/acsami.8b13292,ACS Applied Materials & Interfaces,CCCCCCCCCCC(CCCCCCCC)COC(=O)CCCN1C(=O)C2=C(c3ccc(-c4ccc(-c5cccs5)s4)s3)N(CCCC(=O)OCC(CCCCCCCC)CCCCCCCCCC)C(=O)C2=C1c1cccs1,162.6,2.4,3.85,23.3,TG/BC,100.0,1500.0,15.0,SiO2,,,,,"Spin coating - annealing",150.0,chloroform,,,p,-5.29,-3.92,0.65,0.6,8.7,200000,,,,,0.65,
P(ODE5-DPPBT),173,263,2018,10.1021/acsami.8b13292,ACS Applied Materials & Interfaces,CCCCCCCCCCC(CCCCCCCC)COC(=O)CCCCCN1C(=O)C2=C(c3ccc(-c4ccc(-c5cccs5)s4)s3)N(CCCCCC(=O)OCC(CCCCCCCC)CCCCCCCCCC)C(=O)C2=C1c1cccs1,196.0,2.69,3.63,27.5,TG/BC,100.0,1500.0,15.0,SiO2,,,,,"Spin coating - annealing",150.0,chloroform,,,p,-5.09,-3.72,0.58,0.55,0.1,>10000000,,,,,0.58,
P(DD-DPPBT),174,264,2018,10.1021/acsami.8b13292,ACS Applied Materials & Interfaces,CCCCCCCCCCCCC(CCCCCCCCCC)CN1C(=O)C2=C(c3ccc(-c4ccc(-c5cccs5)s4)s3)N(CC(CCCCCCCCCC)CCCCCCCCCCCC)C(=O)C2=C1c1cccs1,192.8,3.43,3.62,30.1,TG/BC,100.0,1500.0,15.0,SiO2,,,,,"Spin coating - annealing",150.0,chloroform,,,p,-5.05,-3.75,1.52,1.42,-3.0,10000,,,,,1.52,
P(DDE3-DPPBT),175,265,2018,10.1021/acsami.8b13292,ACS Applied Materials & Interfaces,CCCCCCCCCCCCC(CCCCCCCCCC)COC(=O)CCCN1C(=O)C2=C(c3ccc(-c4ccc(-c5cccs5)s4)s3)N(CCCC(=O)OCC(CCCCCCCCCC)CCCCCCCCCCCC)C(=O)C2=C1c1cccs1,173.2,2.7,3.62,30.3,TG/BC,100.0,1500.0,15.0,SiO2,,,,,"Spin coating - annealing",150.0,chloroform,,,p,-5.11,-3.74,2.51,2.3,-0.8,100000,,,,,2.51,
P(DDE5-DPPBT),176,266,2018,10.1021/acsami.8b13292,ACS Applied Materials & Interfaces,CCCCCCCCCCCCC(CCCCCCCCCC)COC(=O)CCCCCN1C(=O)C2=C(c3ccc(-c4ccc(-c5cccs5)s4)s3)N(CCCCCC(=O)OCC(CCCCCCCCCC)CCCCCCCCCCCC)C(=O)C2=C1c1cccs1,177.7,2.36,3.62,31.4,TG/BC,100.0,1500.0,15.0,SiO2,,,,,"Spin coating - annealing",150.0,chloroform,,,p,-5.04,-3.69,1.53,1.36,-4.2,>100000,,,,,1.53,
P(OD-DPPBT),171,267,2018,10.1021/acsami.8b13292,ACS Applied Materials & Interfaces,CCCCCCCCCCC(CCCCCCCC)CN1C(=O)C2=C(c3ccc(-c4ccc(-c5cccs5)s4)s3)N(CC(CCCCCCCC)CCCCCCCCCC)C(=O)C2=C1c1cccs1,77.4,1.76,3.86,20.6,TG/BC,100.0,1500.0,15.0,SiO2,,,,,Spin coating,,chloroform,,,p,-5.31,-4.02,0.31,0.28,-1.5,>1000000,,,,,0.31,
P(ODE3-DPPBT),172,268,2018,10.1021/acsami.8b13292,ACS Applied Materials & Interfaces,CCCCCCCCCCC(CCCCCCCC)COC(=O)CCCN1C(=O)C2=C(c3ccc(-c4ccc(-c5cccs5)s4)s3)N(CCCC(=O)OCC(CCCCCCCC)CCCCCCCCCC)C(=O)C2=C1c1cccs1,162.6,2.4,3.85,23.3,TG/BC,100.0,1500.0,15.0,SiO2,,,,,Spin coating,,chloroform,,,p,-5.29,-3.92,0.4,0.35,5.1,>100000,,,,,0.4,
P(ODE5-DPPBT),173,269,2018,10.1021/acsami.8b13292,ACS Applied Materials & Interfaces,CCCCCCCCCCC(CCCCCCCC)COC(=O)CCCCCN1C(=O)C2=C(c3ccc(-c4ccc(-c5cccs5)s4)s3)N(CCCCCC(=O)OCC(CCCCCCCC)CCCCCCCCCC)C(=O)C2=C1c1cccs1,196.0,2.69,3.63,27.5,TG/BC,100.0,1500.0,15.0,SiO2,,,,,Spin coating,,chloroform,,,p,-5.09,-3.72,0.55,0.5,0.5,2000000,,,,,0.55,
P(DD-DPPBT),174,270,2018,10.1021/acsami.8b13292,ACS Applied Materials & Interfaces,CCCCCCCCCCCCC(CCCCCCCCCC)CN1C(=O)C2=C(c3ccc(-c4ccc(-c5cccs5)s4)s3)N(CC(CCCCCCCCCC)CCCCCCCCCCCC)C(=O)C2=C1c1cccs1,192.8,3.43,3.62,30.1,TG/BC,100.0,1500.0,15.0,SiO2,,,,,Spin coating,,chloroform,,,p,-5.05,-3.75,0.85,0.8,-0.4,20000,,,,,0.85,
P(DDE3-DPPBT),175,271,2018,10.1021/acsami.8b13292,ACS Applied Materials & Interfaces,CCCCCCCCCCCCC(CCCCCCCCCC)COC(=O)CCCN1C(=O)C2=C(c3ccc(-c4ccc(-c5cccs5)s4)s3)N(CCCC(=O)OCC(CCCCCCCCCC)CCCCCCCCCCCC)C(=O)C2=C1c1cccs1,173.2,2.7,3.62,30.3,TG/BC,100.0,1500.0,15.0,SiO2,,,,,Spin coating,,chloroform,,,p,-5.11,-3.74,1.15,1.1,1.8,100000,,,,,1.15,
P(DDE5-DPPBT),176,272,2018,10.1021/acsami.8b13292,ACS Applied Materials & Interfaces,CCCCCCCCCCCCC(CCCCCCCCCC)COC(=O)CCCCCN1C(=O)C2=C(c3ccc(-c4ccc(-c5cccs5)s4)s3)N(CCCCCC(=O)OCC(CCCCCCCCCC)CCCCCCCCCCCC)C(=O)C2=C1c1cccs1,177.7,2.36,3.62,31.4,TG/BC,100.0,1500.0,15.0,SiO2,,,,,Spin coating,,chloroform,,,p,-5.04,-3.69,1.3,1.15,2.6,10000,,,,,1.3,
BDPPV,301,273,2013,10.1021/ja403624a,Journal of American Chemical Society,C=Cc1ccc2c(c1)N(CCCC(CCCCCCCCCCCCCCCCCC)CCCCCCCCCCCCCCCCCC)C(=O)/C2=C1/C(=O)Oc2cc3c(cc21)OC(=O)/C3=C1/C(=O)N(CCCC(CCCCCCCCCCCCCCCCCC)CCCCCCCCCCCCCCCCCC)c2ccccc21,37.6,2.38,3.55,32.3,TG/BC,10.0,200.0,20.0,CYTOP,500.0,3.7,Au/Ti,Al,Spin coating - annealing,200.0,oDCB,1500.0,Ambient,n,-6.12,-4.1,,,,,1.1,0.84,5.0,,1.1,""
FBDPPV-1,302,274,2014,10.1021/ja412533d,Journal of American Chemical Society,C=Cc1ccc2c(c1F)N(CCCC(CCCCCCCCCCCCCCCCCC)CCCCCCCCCCCCCCCCCC)C(=O)/C2=C1/C(=O)Oc2cc3c(cc21)OC(=O)/C3=C1/C(=O)N(CCCC(CCCCCCCCCCCCCCCCCC)CCCCCCCCCCCCCCCCCC)c2c(F)cccc21,66.3,1.94,3.42,32.9,TG/BC,5.0,200.0,40.0,CYTOP,500.0,3.7,Au/Ti,Al,Spin coating - annealing,180.0,oDCB,1500.0,Ambient,n,-6.19,-4.26,,,,,1.7,0.81,18.0,100000-1000000,1.7,""
FBDPPV-2,303,275,2014,10.1021/ja412533d,Journal of American Chemical Society,C=Cc1cc2c(cc1F)/C(=C1\C(=O)Oc3cc4c(cc31)OC(=O)/C4=C1/C(=O)N(CCCC(CCCCCCCCCCCCCCCCCC)CCCCCCCCCCCCCCCCCC)c3ccc(F)cc31)C(=O)N2CCCC(CCCCCCCCCCCCCCCCCC)CCCCCCCCCCCCCCCCCC,53.8,3.06,3.42,32.7,TG/BC,5.0,200.0,40.0,CYTOP,500.0,3.7,Au/Ti,Al,Spin coating - annealing,180.0,oDCB,1500.0,Ambient,n,-6.22,-4.3,,,,,1.39,0.62,1.0,10000-100000,1.39,""
F4BDOPV-2T,304,276,2016,10.1002/adma.201600541,Advanced Materials,CCCCCCCCCCCCCCCCCCC(CCCCCCCCCCCCCCCCCC)CCCN1C(=O)/C(=C2/C(=O)Oc3cc4c(cc32)OC(=O)/C4=C2/C(=O)N(CCCC(CCCCCCCCCCCCCCCCCC)CCCCCCCCCCCCCCCCCC)c3c2cc(F)c(-c2ccc(-c4cccs4)s2)c3F)c2cc(F)cc(F)c21,38.0,2.74,3.52,28.4,TG/BC,100.0,2000.0,20.0,CYTOP,500.0,3.7,Au/Ti,Al,Spin coating ,,oDCB,500.0,Ambient,n,-5.85,-4.54,,,,,7.2,4.1,-10.0,1000-10000,7.2,"High spin-coating speed devices were also being reported"
F4BDOPV-2T,304,277,2016,10.1002/adma.201600541,Advanced Materials,CCCCCCCCCCCCCCCCCCC(CCCCCCCCCCCCCCCCCC)CCCN1C(=O)/C(=C2/C(=O)Oc3cc4c(cc32)OC(=O)/C4=C2/C(=O)N(CCCC(CCCCCCCCCCCCCCCCCC)CCCCCCCCCCCCCCCCCC)c3c2cc(F)c(-c2ccc(-c4cccs4)s2)c3F)c2cc(F)cc(F)c21,38.0,2.74,3.52,28.4,TG/BC,100.0,2000.0,20.0,CYTOP,500.0,3.7,Au/Ti,Al,Spin coating - annealing,160.0,oDCB,500.0,Ambient,n,-5.85,-4.54,,,,,14.9,9.0,-17.0,1000-10000,14.9,""
F4BDOPV-2T,304,278,2016,10.1002/adma.201600541,Advanced Materials,CCCCCCCCCCCCCCCCCCC(CCCCCCCCCCCCCCCCCC)CCCN1C(=O)/C(=C2/C(=O)Oc3cc4c(cc32)OC(=O)/C4=C2/C(=O)N(CCCC(CCCCCCCCCCCCCCCCCC)CCCCCCCCCCCCCCCCCC)c3c2cc(F)c(-c2ccc(-c4cccs4)s2)c3F)c2cc(F)cc(F)c21,38.0,2.74,3.52,28.4,TG/BC,100.0,2000.0,20.0,CYTOP,500.0,3.7,Au/Ti,Al,Spin coating - annealing,180.0,oDCB,500.0,Ambient,n,-5.85,-4.54,,,,,12.5,7.8,-19.0,1000-10000,12.5,""
F4BDOPV-2T,304,279,2016,10.1002/adma.201600541,Advanced Materials,CCCCCCCCCCCCCCCCCCC(CCCCCCCCCCCCCCCCCC)CCCN1C(=O)/C(=C2/C(=O)Oc3cc4c(cc32)OC(=O)/C4=C2/C(=O)N(CCCC(CCCCCCCCCCCCCCCCCC)CCCCCCCCCCCCCCCCCC)c3c2cc(F)c(-c2ccc(-c4cccs4)s2)c3F)c2cc(F)cc(F)c21,38.0,2.74,3.52,28.4,TG/BC,100.0,2000.0,20.0,CYTOP,500.0,3.7,Au/Ti,Al,Spin coating - annealing,200.0,oDCB,500.0,Ambient,n,-5.85,-4.54,,,,,10.3,6.5,-22.0,1000-10000,10.3,""
F4BDOPV-2T,304,280,2016,10.1002/adma.201600541,Advanced Materials,CCCCCCCCCCCCCCCCCCC(CCCCCCCCCCCCCCCCCC)CCCN1C(=O)/C(=C2/C(=O)Oc3cc4c(cc32)OC(=O)/C4=C2/C(=O)N(CCCC(CCCCCCCCCCCCCCCCCC)CCCCCCCCCCCCCCCCCC)c3c2cc(F)c(-c2ccc(-c4cccs4)s2)c3F)c2cc(F)cc(F)c21,38.0,2.74,3.52,28.4,TG/BC,100.0,2000.0,20.0,CYTOP,500.0,3.7,Au/Ti,Al,Spin coating - annealing,220.0,oDCB,500.0,Ambient,n,-5.85,-4.54,,,,,8.1,4.7,-25.0,1000-10000,8.1,""
F4BDOPV-2T,304,281,2016,10.1002/adma.201600541,Advanced Materials,CCCCCCCCCCCCCCCCCCC(CCCCCCCCCCCCCCCCCC)CCCN1C(=O)/C(=C2/C(=O)Oc3cc4c(cc32)OC(=O)/C4=C2/C(=O)N(CCCC(CCCCCCCCCCCCCCCCCC)CCCCCCCCCCCCCCCCCC)c3c2cc(F)c(-c2ccc(-c4cccs4)s2)c3F)c2cc(F)cc(F)c21,38.0,2.74,3.52,28.4,TG/BC,100.0,2000.0,20.0,CYTOP,500.0,3.7,Au/Ti,Al,Spin coating - annealing,240.0,oDCB,500.0,Ambient,n,-5.85,-4.54,,,,,5.6,3.2,-27.0,1000-10000,5.6,""
F4BDOPV-2T,304,282,2016,10.1002/adma.201600541,Advanced Materials,CCCCCCCCCCCCCCCCCCC(CCCCCCCCCCCCCCCCCC)CCCN1C(=O)/C(=C2/C(=O)Oc3cc4c(cc32)OC(=O)/C4=C2/C(=O)N(CCCC(CCCCCCCCCCCCCCCCCC)CCCCCCCCCCCCCCCCCC)c3c2cc(F)c(-c2ccc(-c4cccs4)s2)c3F)c2cc(F)cc(F)c21,38.0,2.74,3.52,28.4,TG/BC,100.0,2000.0,20.0,CYTOP,500.0,3.7,Au/Ti,Al,Spin coating - annealing,260.0,oDCB,500.0,Ambient,n,-5.85,-4.54,,,,,3.8,2.1,-30.0,1000-10000,3.8,""
F4BDOPV-2Se,305,283,2016,10.1002/adma.201600541,Advanced Materials,CCCCCCCCCCCCCCCCCCC(CCCCCCCCCCCCCCCCCC)CCCN1C(=O)/C(=C2/C(=O)Oc3cc4c(cc32)OC(=O)/C4=C2/C(=O)N(CCCC(CCCCCCCCCCCCCCCCCC)CCCCCCCCCCCCCCCCCC)c3c2cc(F)c(-c2ccc(-c4ccc[se]4)[se]2)c3F)c2cc(F)cc(F)c21,23.8,2.87,3.55,28.6,TG/BC,100.0,2000.0,20.0,CYTOP,500.0,3.7,Au/Ti,Al,Spin coating - annealing,160.0,oDCB,500.0,Ambient,n,-5.83,-4.54,,,,,6.1,3.2,3.0,1000-10000,6.1,""
NBDOPV,306,284,2015,10.1039/c5cc02026c,Chemical Communications,CCCCCCCCCCCCN1C(=O)/C(=C2/C(=O)N(CCCC(CCCCCCCCCC)CCCCCCCCCC)c3ccccc32)c2cc3c(cc21)/C(=C1\C(=O)N(CCCC(CCCCCCCCCC)CCCCCCCCCC)c2cc(-c4ccc(/C=C/c5cccs5)s4)ccc21)C(=O)N3CCCCCCCCCCCC,37.6,2.38,,34.5,BG/TC,2.4,60.0,25.0,OTS-treated SiO2,300.0,11.0,Au,n++-Si,Spin coating - annealing,200.0,TCE,,Ambient,p,-5.32,-4.05,1.92,,,,,,,,1.92,""
PIBDTBT-40,307,285,2016,10.1016/j.orgel.2016.05.003,Organic Electronics,CCCCCCCCCCCCCCCCCCC(CCCCCCCCCCCCCCCCCC)CCCN1C(=O)/C(=C2/C(=O)Sc3cc4c(cc32)SC(=O)/C4=C2/C(=O)N(CCCC(CCCCCCCCCCCCCCCCCC)CCCCCCCCCCCCCCCCCC)c3cc(-c4ccc(-c5cccs5)s4)ccc32)c2ccccc21,21.0,2.3,3.9,29.2,BG/BC,30.0,1000.0,33.0,DDTS-treated SiO2,300.0,,Au,n++-Si,Spin coating - annealing,100.0,Chloroform,3000.0,Nitrogen,ambipolar,-5.6,-4.06,0.051,0.039,,,0.087,0.06,,,0.087,""
PIBDTBT-40,307,286,2016,10.1016/j.orgel.2016.05.003,Organic Electronics,CCCCCCCCCCCCCCCCCCC(CCCCCCCCCCCCCCCCCC)CCCN1C(=O)/C(=C2/C(=O)Sc3cc4c(cc32)SC(=O)/C4=C2/C(=O)N(CCCC(CCCCCCCCCCCCCCCCCC)CCCCCCCCCCCCCCCCCC)c3cc(-c4ccc(-c5cccs5)s4)ccc32)c2ccccc21,21.0,2.3,3.9,29.2,BG/BC,30.0,1000.0,33.0,DDTS-treated SiO2,300.0,,Au,n++-Si,Spin coating - annealing,150.0,Chloroform,3000.0,Nitrogen,ambipolar,-5.6,-4.06,0.1,0.063,,,0.08,0.069,,,0.1,""
PIBDTBT-40,307,287,2016,10.1016/j.orgel.2016.05.003,Organic Electronics,CCCCCCCCCCCCCCCCCCC(CCCCCCCCCCCCCCCCCC)CCCN1C(=O)/C(=C2/C(=O)Sc3cc4c(cc32)SC(=O)/C4=C2/C(=O)N(CCCC(CCCCCCCCCCCCCCCCCC)CCCCCCCCCCCCCCCCCC)c3cc(-c4ccc(-c5cccs5)s4)ccc32)c2ccccc21,21.0,2.3,3.9,29.2,BG/BC,30.0,1000.0,33.0,DDTS-treated SiO2,300.0,,Au,n++-Si,Spin coating - annealing,200.0,Chloroform,3000.0,Nitrogen,ambipolar,-5.6,-4.06,0.1,0.071,,,0.14,0.099,,,0.14,""
PIBDTBT-40,307,288,2016,10.1016/j.orgel.2016.05.003,Organic Electronics,CCCCCCCCCCCCCCCCCCC(CCCCCCCCCCCCCCCCCC)CCCN1C(=O)/C(=C2/C(=O)Sc3cc4c(cc32)SC(=O)/C4=C2/C(=O)N(CCCC(CCCCCCCCCCCCCCCCCC)CCCCCCCCCCCCCCCCCC)c3cc(-c4ccc(-c5cccs5)s4)ccc32)c2ccccc21,21.0,2.3,3.9,29.2,BG/BC,30.0,1000.0,33.0,DDTS-treated SiO2,300.0,,Au,n++-Si,Spin coating - annealing,250.0,Chloroform,3000.0,Nitrogen,ambipolar,-5.6,-4.06,0.092,0.061,,,0.12,0.095,,,0.12,""
PBIBDF-BT,308,289,2015,10.1039/c5py00161g,Polymer Chemistry,CCCCCCCCCCCCc1ccsc1-c1sc(-c2ccc3c(c2)N(CC(CCCCCCCCCC)CCCCCCCCCCCC)C(=O)/C3=C2/C(=O)Sc3cc4c(cc32)SC(=O)/C4=C2/C(=O)N(CC(CCCCCCCCCC)CCCCCCCCCCCC)c3ccccc32)cc1CCCCCCCCCCCC,38.6,1.52,3.55,28.5,BG/TC,100.0,1000.0,10.0,Cytop-treated SiO2,340.0,10.0,Au,Si,Spin coating,,Chloroform,,vacuum,n,-5.55,-4.03,,,,,0.46,0.29,-0.4,10000-100000,0.46,""
PBIBDF-BT,308,290,2015,10.1039/c5py00161g,Polymer Chemistry,CCCCCCCCCCCCc1ccsc1-c1sc(-c2ccc3c(c2)N(CC(CCCCCCCCCC)CCCCCCCCCCCC)C(=O)/C3=C2/C(=O)Sc3cc4c(cc32)SC(=O)/C4=C2/C(=O)N(CC(CCCCCCCCCC)CCCCCCCCCCCC)c3ccccc32)cc1CCCCCCCCCCCC,38.6,1.52,3.55,28.5,BG/TC,100.0,1000.0,10.0,Cytop-treated SiO2,340.0,10.0,Au,Si,Spin coating - annealing,180.0,Chloroform,,vacuum,n,-5.55,-4.03,,,,,1.03,0.79,28.7,10000-100000,1.03,""
PBTBDF-BT,309,291,2015,10.1039/c5py00161g,Polymer Chemistry,CCCCCCCCCCCCc1ccsc1-c1sc(-c2cc3c(s2)/C(=C2\C(=O)Sc4cc5c(cc42)SC(=O)/C5=C2/C(=O)N(CC(CCCCCCCCCC)CCCCCCCCCCCC)C4C=CSC24)C(=O)N3CC(CCCCCCCCCC)CCCCCCCCCCCC)cc1CCCCCCCCCCCC,10.98,1.86,3.52,26.3,BG/TC,100.0,800.0,8.0,Cytop-treated SiO2,340.0,10.0,Au,Si,Spin coating,,Chloroform,,vacuum,ambipolar,-5.18,-3.94,0.13,0.1,-15.5,100-1000,0.08,0.07,47.0,100-1000,0.13,""
PBTBDF-BT,309,292,2015,10.1039/c5py00161g,Polymer Chemistry,CCCCCCCCCCCCc1ccsc1-c1sc(-c2cc3c(s2)/C(=C2\C(=O)Sc4cc5c(cc42)SC(=O)/C5=C2/C(=O)N(CC(CCCCCCCCCC)CCCCCCCCCCCC)C4C=CSC24)C(=O)N3CC(CCCCCCCCCC)CCCCCCCCCCCC)cc1CCCCCCCCCCCC,10.98,1.86,3.52,26.3,BG/TC,100.0,800.0,8.0,Cytop-treated SiO2,340.0,10.0,Au,Si,Spin coating - annealing,150.0,Chloroform,,vacuum,p,-5.18,-3.94,0.34,0.3,-26.4,1000-10000,0.13,0.1,55.6,100-1000,0.34,""
PBTBDF-BT,309,293,2015,10.1039/c5py00161g,Polymer Chemistry,CCCCCCCCCCCCc1ccsc1-c1sc(-c2cc3c(s2)/C(=C2\C(=O)Sc4cc5c(cc42)SC(=O)/C5=C2/C(=O)N(CC(CCCCCCCCCC)CCCCCCCCCCCC)C4C=CSC24)C(=O)N3CC(CCCCCCCCCC)CCCCCCCCCCCC)cc1CCCCCCCCCCCC,10.98,1.86,3.52,26.3,BG/TC,100.0,800.0,8.0,Cytop-treated SiO2,340.0,10.0,Au,Si,Spin coating - annealing,180.0,Chloroform,,vacuum,p,-5.18,-3.94,0.45,0.38,-21.3,1000-10000,0.22,0.18,56.9,1000-10000,0.45,""
PBIBDF-BT,308,294,2015,10.1039/c5py00161g,Polymer Chemistry,CCCCCCCCCCCCc1ccsc1-c1sc(-c2ccc3c(c2)N(CC(CCCCCCCCCC)CCCCCCCCCCCC)C(=O)/C3=C2/C(=O)Sc3cc4c(cc32)SC(=O)/C4=C2/C(=O)N(CC(CCCCCCCCCC)CCCCCCCCCCCC)c3ccccc32)cc1CCCCCCCCCCCC,38.6,1.52,3.55,28.5,BG/TC,100.0,1000.0,10.0,Cytop-treated SiO2,340.0,10.0,Au,Si,Spin coating,,Chloroform,,Ambient,ambipolar,-5.55,-4.03,0.39,0.27,-15.4,1000-10000,0.28,0.2,1.63,1000-10000,0.39,""
PBIBDF-BT,308,295,2015,10.1039/c5py00161g,Polymer Chemistry,CCCCCCCCCCCCc1ccsc1-c1sc(-c2ccc3c(c2)N(CC(CCCCCCCCCC)CCCCCCCCCCCC)C(=O)/C3=C2/C(=O)Sc3cc4c(cc32)SC(=O)/C4=C2/C(=O)N(CC(CCCCCCCCCC)CCCCCCCCCCCC)c3ccccc32)cc1CCCCCCCCCCCC,38.6,1.52,3.55,28.5,BG/TC,100.0,1000.0,10.0,Cytop-treated SiO2,340.0,10.0,Au,Si,Spin coating - annealing,180.0,Chloroform,,Ambient,ambipolar,-5.55,-4.03,0.36,0.23,-23.0,1000-10000,0.6,0.37,37.8,1000-10000,0.36,""
PBIBDF-BT,309,296,2015,10.1039/c5py00161g,Polymer Chemistry,CCCCCCCCCCCCc1ccsc1-c1sc(-c2cc3c(s2)/C(=C2\C(=O)Sc4cc5c(cc42)SC(=O)/C5=C2/C(=O)N(CC(CCCCCCCCCC)CCCCCCCCCCCC)C4C=CSC24)C(=O)N3CC(CCCCCCCCCC)CCCCCCCCCCCC)cc1CCCCCCCCCCCC,10.98,1.86,3.52,26.3,BG/TC,100.0,800.0,8.0,Cytop-treated SiO2,340.0,10.0,Au,Si,Spin coating,,Chloroform,,Ambient,p,-5.18,-3.94,0.25,0.21,-19.5,1000-10000,0.03,0.02,76.6,100-1000,0.25,""
PBIBDF-BT,309,297,2015,10.1039/c5py00161g,Polymer Chemistry,CCCCCCCCCCCCc1ccsc1-c1sc(-c2cc3c(s2)/C(=C2\C(=O)Sc4cc5c(cc42)SC(=O)/C5=C2/C(=O)N(CC(CCCCCCCCCC)CCCCCCCCCCCC)C4C=CSC24)C(=O)N3CC(CCCCCCCCCC)CCCCCCCCCCCC)cc1CCCCCCCCCCCC,10.98,1.86,3.52,26.3,BG/TC,100.0,800.0,8.0,Cytop-treated SiO2,340.0,10.0,Au,Si,Spin coating - annealing,150.0,Chloroform,,Ambient,p,-5.18,-3.94,0.45,0.36,-14.4,100-1000,0.02,0.01,69.1,100-1000,0.45,""
PBIBDF-BT,309,298,2015,10.1039/c5py00161g,Polymer Chemistry,CCCCCCCCCCCCc1ccsc1-c1sc(-c2cc3c(s2)/C(=C2\C(=O)Sc4cc5c(cc42)SC(=O)/C5=C2/C(=O)N(CC(CCCCCCCCCC)CCCCCCCCCCCC)C4C=CSC24)C(=O)N3CC(CCCCCCCCCC)CCCCCCCCCCCC)cc1CCCCCCCCCCCC,10.98,1.86,3.52,26.3,BG/TC,100.0,800.0,8.0,Cytop-treated SiO2,340.0,10.0,Au,Si,Spin coating - annealing,180.0,Chloroform,,Ambient,p,-5.18,-3.94,0.61,0.53,-16.2,100-1000,0.07,0.06,76.2,100-1000,0.61,""
PyDI-T,310,299,2021,10.1039/d1tc01729b,Journal of Materials Chemistry C,CCCCCCCCCCC(CCCCCCCC)Cn1c(=O)c2ccc3cc4c(=O)n(CC(CCCCCCCC)CCCCCCCCCC)c(=O)c5cc(-c6cccs6)c6cc(c1=O)c2c3c6c54,44.8,3.38,,23.5,TG/BC,,,,CYTOP,500.0,3.7,Au,Al,Spin coating - annealing,180.0,oDCB,1500.0,Ambient,n,-5.65,-3.85,,,,,0.087,0.057,13.9,10000-100000,0.087,""
PyDI-TT,311,300,2021,10.1039/d1tc01729b,Journal of Materials Chemistry C,CCCCCCCCCCC(CCCCCCCC)Cn1c(=O)c2ccc3cc4c(=O)n(CC(CCCCCCCC)CCCCCCCCCC)c(=O)c5cc(-c6ccc(-c7cccs7)s6)c6cc(c1=O)c2c3c6c54,52.4,2.89,3.7,23.5,TG/BC,,,,CYTOP,500.0,3.7,Au,Al,Spin coating - annealing,180.0,oDCB,1500.0,Ambient,n,-5.39,-3.84,,,,,0.335,0.176,12.6,10000-100000,0.335,""
TIF-BT,312,301,2017,10.1002/adma.201702523,Advanced Materials,CCCCCCCCCCCCCCCCC1(CCCCCCCCCCCCCCCC)c2cc3c(cc2-c2cc4sccc4cc21)C(CCCCCCCCCCCCCCCC)(CCCCCCCCCCCCCCCC)c1cc2cc(-c4cccc5nsnc45)sc2cc1-3,56.5,1.47,4.05,,BG/TC,20.0,1000.0,50.0,CYTOP,480.0,3.9,Au/Ti,Al,Spin coating - annealing,90.0,oDCB,,Nitrogen,p,-5.7,-3.7,2.8,,0.0,10000000,,,,,2.8,""
TIF-FBT,313,302,2017,10.1002/adma.201702523,Advanced Materials,CCCCCCCCCCCCCCCCC1(CCCCCCCCCCCCCCCC)c2cc3c(cc2-c2cc4sccc4cc21)C(CCCCCCCCCCCCCCCC)(CCCCCCCCCCCCCCCC)c1cc2cc(-c4c(F)ccc5nsnc45)sc2cc1-3,55.2,1.5,4.0,,BG/TC,20.0,1000.0,50.0,CYTOP,480.0,3.9,Au/Ti,Al,Spin coating - annealing,90.0,oDCB,,Nitrogen,p,-5.7,-3.7,0.5,,,,,,,,0.5,""
TIF-DFBT,314,303,2017,10.1002/adma.201702523,Advanced Materials,CCCCCCCCCCCCCCCCC1(CCCCCCCCCCCCCCCC)c2cc3c(cc2-c2cc4sccc4cc21)C(CCCCCCCCCCCCCCCC)(CCCCCCCCCCCCCCCC)c1cc2cc(-c4c(F)c(F)cc5nsnc45)sc2cc1-3,49.0,1.51,3.95,,BG/TC,20.0,1000.0,50.0,CYTOP,480.0,3.9,Au/Ti,Al,Spin coating - annealing,90.0,oDCB,,Nitrogen,p,-5.8,-3.7,0.2,,,,,,,,0.2,""
TIF-TT,315,304,2017,10.1002/adma.201702523,Advanced Materials,CCCCCCCCCCCCCCCCC1(CCCCCCCCCCCCCCCC)c2cc3c(cc2-c2cc4sccc4cc21)C(CCCCCCCCCCCCCCCC)(CCCCCCCCCCCCCCCC)c1cc2cc(-c4cc5sccc5s4)sc2cc1-3,29.8,2.04,,,BG/TC,20.0,1000.0,50.0,CYTOP,480.0,3.9,Au/Ti,Al,Spin coating - annealing,90.0,oDCB,,Nitrogen,p,-5.5,-3.3,0.0006,,,,,,,,0.0006,""
PNDIF-T2,316,305,2016,10.1021/jacs.5b10445,Journal of American Chemical Society,O=C1c2ccc3c4c(c(-c5ccc(-c6cccs6)s5)cc(c24)C(=O)N1CCCCCCCCCCC(F)(F)C(F)(F)C(F)(F)C(F)(F)C(F)(F)C(F)(F)C(F)(F)C(F)(F)F)C(=O)N(CCCCCCCCCCC(F)(F)C(F)(F)C(F)(F)C(F)(F)C(F)(F)C(F)(F)C(F)(F)C(F)(F)F)C3=O,28.0,2.04,3.9,26.1,BG/TC,150.0,1500.0,10.0,OTS-treated SiO2,300.0,11.0,Au,p+-Si,Spin coating - annealing,100.0,Chloroform,2000.0,Nitrogen,n,-5.62,-4.01,,,,,0.48,0.46,11.3,100000,0.48,""
PNDIF-T2,316,306,2016,10.1021/jacs.5b10445,Journal of American Chemical Society,O=C1c2ccc3c4c(c(-c5ccc(-c6cccs6)s5)cc(c24)C(=O)N1CCCCCCCCCCC(F)(F)C(F)(F)C(F)(F)C(F)(F)C(F)(F)C(F)(F)C(F)(F)C(F)(F)F)C(=O)N(CCCCCCCCCCC(F)(F)C(F)(F)C(F)(F)C(F)(F)C(F)(F)C(F)(F)C(F)(F)C(F)(F)F)C3=O,28.0,2.04,3.9,26.1,BG/TC,150.0,1500.0,10.0,OTS-treated SiO2,300.0,11.0,Au,p+-Si,Spin coating - annealing,280.0,Chloroform,2000.0,Nitrogen,n,-5.62,-4.01,,,,,3.25,3.03,10.5,100000,3.25,""
PNDIF-T2,316,307,2016,10.1021/jacs.5b10445,Journal of American Chemical Society,O=C1c2ccc3c4c(c(-c5ccc(-c6cccs6)s5)cc(c24)C(=O)N1CCCCCCCCCCC(F)(F)C(F)(F)C(F)(F)C(F)(F)C(F)(F)C(F)(F)C(F)(F)C(F)(F)F)C(=O)N(CCCCCCCCCCC(F)(F)C(F)(F)C(F)(F)C(F)(F)C(F)(F)C(F)(F)C(F)(F)C(F)(F)F)C3=O,28.0,2.04,3.9,26.1,BG/TC,150.0,1500.0,10.0,OTS-treated SiO2,300.0,11.0,Au,p+-Si,Spin coating - annealing,300.0,Chloroform,2000.0,Nitrogen,n,-5.62,-4.01,,,,,3.93,3.35,7.3,100000,3.93,""
PNDIF-TVT,317,308,2016,10.1021/jacs.5b10445,Journal of American Chemical Society,O=C1c2ccc3c4c(c(-c5ccc(/C=C/c6cccs6)s5)cc(c24)C(=O)N1CCCCCCCCCCC(F)(F)C(F)(F)C(F)(F)C(F)(F)C(F)(F)C(F)(F)C(F)(F)C(F)(F)F)C(=O)N(CCCCCCCCCCC(F)(F)C(F)(F)C(F)(F)C(F)(F)C(F)(F)C(F)(F)C(F)(F)C(F)(F)F)C3=O,33.0,1.55,3.9,26.1,BG/TC,150.0,1500.0,10.0,OTS-treated SiO2,300.0,11.0,Au,p+-Si,Spin coating,,Chloroform,2000.0,Nitrogen,n,-5.38,-3.99,,,,,0.104,0.06,4.7,10000,0.104,""
PNDIF-TVT,317,309,2016,10.1021/jacs.5b10445,Journal of American Chemical Society,O=C1c2ccc3c4c(c(-c5ccc(/C=C/c6cccs6)s5)cc(c24)C(=O)N1CCCCCCCCCCC(F)(F)C(F)(F)C(F)(F)C(F)(F)C(F)(F)C(F)(F)C(F)(F)C(F)(F)F)C(=O)N(CCCCCCCCCCC(F)(F)C(F)(F)C(F)(F)C(F)(F)C(F)(F)C(F)(F)C(F)(F)C(F)(F)F)C3=O,33.0,1.55,3.9,26.1,BG/TC,150.0,1500.0,10.0,OTS-treated SiO2,300.0,11.0,Au,p+-Si,Spin coating - annealing,100.0,Chloroform,2000.0,Nitrogen,n,-5.38,-3.99,,,,,0.232,0.121,3.6,10000,0.232,""
PNDIF-TVT,317,310,2016,10.1021/jacs.5b10445,Journal of American Chemical Society,O=C1c2ccc3c4c(c(-c5ccc(/C=C/c6cccs6)s5)cc(c24)C(=O)N1CCCCCCCCCCC(F)(F)C(F)(F)C(F)(F)C(F)(F)C(F)(F)C(F)(F)C(F)(F)C(F)(F)F)C(=O)N(CCCCCCCCCCC(F)(F)C(F)(F)C(F)(F)C(F)(F)C(F)(F)C(F)(F)C(F)(F)C(F)(F)F)C3=O,33.0,1.55,3.9,26.1,BG/TC,150.0,1500.0,10.0,OTS-treated SiO2,300.0,11.0,Au,p+-Si,Spin coating - annealing,280.0,Chloroform,2000.0,Nitrogen,n,-5.38,-3.99,,,,,2.24,1.93,12.4,10000,2.24,""
PNDIF-TVT,317,311,2016,10.1021/jacs.5b10445,Journal of American Chemical Society,O=C1c2ccc3c4c(c(-c5ccc(/C=C/c6cccs6)s5)cc(c24)C(=O)N1CCCCCCCCCCC(F)(F)C(F)(F)C(F)(F)C(F)(F)C(F)(F)C(F)(F)C(F)(F)C(F)(F)F)C(=O)N(CCCCCCCCCCC(F)(F)C(F)(F)C(F)(F)C(F)(F)C(F)(F)C(F)(F)C(F)(F)C(F)(F)F)C3=O,33.0,1.55,3.9,26.1,BG/TC,150.0,1500.0,10.0,OTS-treated SiO2,300.0,11.0,Au,p+-Si,Spin coating - annealing,300.0,Chloroform,2000.0,Nitrogen,n,-5.38,-3.99,,,,,3.75,3.33,18.3,100000,3.75,""
pBTTz,318,312,2018,10.1002/adma.201707164,Advanced Materials,CCCCCCCCCCCCC(CCCCCCCCCC)CN1C(=O)c2ccc3c4c(c(-c5cnc(-c6ccc(-c7nccs7)c7nsnc67)s5)cc(c24)C1=O)C(=O)N(CC(CCCCCCCCCC)CCCCCCCCCCCC)C3=O,62.5,2.7,,,BG/TC,100.0,1000.0,10.0,OTMS-treated SiO2,300.0,13.7,Au,n+-Si,Spin coating - annealing,250.0,Chlorobenzene,2500.0,vacuum,n,-6.01,-3.89,,,,,0.46,0.32,4.0,100000-1000000,0.46,""
pPTT,319,313,2018,10.1002/adma.201707164,Advanced Materials,CCCCCCCCCCCCC(CCCCCCCCCC)CN1C(=O)c2ccc3c4c(c(-c5ccc(-c6cnc(-c7cccs7)c7nsnc67)s5)cc(c24)C1=O)C(=O)N(CC(CCCCCCCCCC)CCCCCCCCCCCC)C3=O,73.2,2.0,4.0,,BG/TC,100.0,1000.0,10.0,OTMS-treated SiO2,300.0,13.7,Au,n+-Si,Spin coating - annealing,250.0,Chlorobenzene,2500.0,vacuum,n,-5.87,-3.82,,,,,2.11,1.87,3.0,100000-1000000,2.11,""
pSNT,320,314,2018,10.1002/adma.201707164,Advanced Materials,CCCCCCCCCCCCC(CCCCCCCCCC)CN1C(=O)c2ccc3c4c(c(-c5ccc(C6c7nsnc7C(c7cccs7)c7nn(CC(CC)CCCC)nc76)s5)cc(c24)C1=O)C(=O)N(CC(CCCCCCCCCC)CCCCCCCCCCCC)C3=O,61.3,2.5,3.63,,BG/TC,100.0,1000.0,10.0,OTMS-treated SiO2,300.0,13.7,Au,n+-Si,Spin coating - annealing,250.0,Chlorobenzene,2500.0,vacuum,n,-5.45,-3.88,0.011,0.01,-50.0,10-100,4.87,3.96,8.0,100000-1000000,2.11,"NTMS-SAM treated SiO2 can achieve 5.35(4.58) electron mobility and VT =1 with 1e6-1e7 on/off rate"
DPPPhF0,321,315,2013,10.1002/adma.201205320,Advanced Materials,CCCCCCCCC(CCCCCC)CN1C(=O)C2=C(c3ccc(-c4ccccc4)s3)N(CC(CCCCCC)CCCCCCCC)C(=O)C2=C1c1cccs1,17.4,2.01,3.93,,BG/TC,200.0,1000.0,5.0,ODTS-treated SiO2,300.0,11.0,Au,n+-Si,Spin coating - annealing,200.0,Chloroform,3000.0,Inert,ambipolar,-5.36,-3.56,0.37,0.34,,,0.24,0.23,,,0.37,""
DPPPhF1,322,316,2013,10.1002/adma.201205320,Advanced Materials,CCCCCCCCC(CCCCCC)CN1C(=O)C2=C(c3ccc(-c4ccccc4F)s3)N(CC(CCCCCC)CCCCCCCC)C(=O)C2=C1c1cccs1,54.0,1.94,3.93,,BG/TC,150.0,2000.0,13.0,ODTS-treated SiO2,300.0,11.0,Au,n+-Si,Spin coating - annealing,200.0,Chloroform,3000.0,Inert,ambipolar,-5.45,-3.57,0.3,0.21,,,0.26,0.21,,,0.3,""
DPPPhF2,323,317,2013,10.1002/adma.201205320,Advanced Materials,CCCCCCCCC(CCCCCC)CN1C(=O)C2=C(c3ccc(-c4cc(F)ccc4F)s3)N(CC(CCCCCC)CCCCCCCC)C(=O)C2=C1c1cccs1,18.8,1.73,3.93,,BG/TC,100.0,1500.0,15.0,ODTS-treated SiO2,300.0,11.0,Au,n+-Si,Spin coating - annealing,200.0,Chloroform,3000.0,Inert,n,-5.57,-3.56,0.02,0.02,,,0.09,0.08,,,0.09,""
DPPPhF4,324,318,2013,10.1002/adma.201205320,Advanced Materials,CCCCCCCCC(CCCCCC)CN1C(=O)C2=C(c3ccc(-c4c(F)c(F)cc(F)c4F)s3)N(CC(CCCCCC)CCCCCCCC)C(=O)C2=C1c1cccs1,16.3,1.79,3.93,,BG/TC,100.0,1000.0,10.0,ODTS-treated SiO2,300.0,11.0,Au,n+-Si,Spin coating - annealing,200.0,Chloroform,3000.0,Inert,n,-5.65,-3.64,0.16,0.15,,,0.99,0.9,,,0.99,""
DPPPhF4,324,319,2013,10.1002/adma.201205320,Advanced Materials,CCCCCCCCC(CCCCCC)CN1C(=O)C2=C(c3ccc(-c4c(F)c(F)cc(F)c4F)s3)N(CC(CCCCCC)CCCCCCCC)C(=O)C2=C1c1cccs1,16.3,1.79,3.93,,BG/TC,100.0,1000.0,10.0,ODTS-treated SiO2,300.0,11.0,Au,n+-Si,Spin coating - annealing,250.0,Chloroform,3000.0,Inert,n,-5.65,-3.64,0.19,0.17,,,1.35,1.25,,,1.35,""
DPPPhF4,324,320,2013,10.1002/adma.201205320,Advanced Materials,CCCCCCCCC(CCCCCC)CN1C(=O)C2=C(c3ccc(-c4c(F)c(F)cc(F)c4F)s3)N(CC(CCCCCC)CCCCCCCC)C(=O)C2=C1c1cccs1,16.3,1.79,3.93,,BG/TC,100.0,1000.0,10.0,ODTS-treated SiO2,300.0,11.0,Au,n+-Si,Spin coating - annealing,280.0,Chloroform,3000.0,Inert,n,-5.65,-3.64,0.25,0.23,,,2.36,2.0,,,2.36,""
P0F,325,321,2017,10.1002/adma.201606217,Advanced Materials,CCCCCCCCCCCCC(CCCCCCCCCC)CN1C(=O)/C(=C2/C(=O)N(CC(CCCCCCCCCC)CCCCCCCCCCCC)c3cc(-c4ccc(/C=C/c5cccs5)s4)ccc32)c2ccccc21,88.8,1.74,3.73,20.47,TG/BC,80.0,5600.0,70.0,PMMA,500.0,5.5,Au,Au,Spin coating - annealing,200.0,oDCB,1000.0,Ambient,p,-5.48,-3.63,0.67,0.42,-20.0,10000,,,,,0.67,""
P2F,326,322,2017,10.1002/adma.201606217,Advanced Materials,CCCCCCCCCCCCC(CCCCCCCCCC)CN1C(=O)/C(=C2/C(=O)N(CC(CCCCCCCCCC)CCCCCCCCCCCC)c3c2ccc(-c2ccc(/C=C/c4cccs4)s2)c3F)c2cccc(F)c21,165.6,1.61,3.48,22.52,TG/BC,80.0,5600.0,70.0,PMMA,500.0,5.5,Au,Au,Spin coating - annealing,200.0,oDCB,1000.0,Ambient,ambipolar,-5.54,-3.7,3.49,2.79,-38.0,100000,2.77,1.96,70.0,10000,3.49,""
P4F,327,323,2017,10.1002/adma.201606217,Advanced Materials,CCCCCCCCCCCCC(CCCCCCCCCC)CN1C(=O)/C(=C2/C(=O)N(CC(CCCCCCCCCC)CCCCCCCCCCCC)c3cc(-c4sc(/C=C/c5scc(F)c5F)c(F)c4F)ccc32)c2ccccc21,82.7,1.88,3.54,22.4,TG/BC,80.0,5600.0,70.0,PMMA,500.0,5.5,Au,Au,Spin coating - annealing,200.0,oDCB,1000.0,Ambient,ambipolar,-5.76,-3.68,0.89,0.75,-54.0,10000-100000,1.63,1.28,50.0,1000000-10000000,1.63,""
P6F,328,324,2017,10.1002/adma.201606217,Advanced Materials,CCCCCCCCCCCCC(CCCCCCCCCC)CN1C(=O)/C(=C2/C(=O)N(CC(CCCCCCCCCC)CCCCCCCCCCCC)c3c2ccc(-c2sc(/C=C/c4scc(F)c4F)c(F)c2F)c3F)c2cccc(F)c21,46.5,1.39,3.59,21.82,TG/BC,80.0,5600.0,70.0,PMMA,500.0,5.5,Au,Au,Spin coating - annealing,200.0,oDCB,1000.0,Ambient,n,-5.82,-3.83,3.9,2.67,-70.0,10000-100000,3.5,2.57,38.0,1000000,3.9,""
P6FC3,329,325,2017,10.1002/adma.201606217,Advanced Materials,CCCCCCCCCCCCCCC(CCCCCCCCCCCCCC)CCCN1C(=O)/C(=C2/C(=O)N(CCCC(CCCCCCCCCCCCCC)CCCCCCCCCCCCCC)c3c2ccc(-c2sc(/C=C/c4scc(F)c4F)c(F)c2F)c3F)c2cccc(F)c21,52.9,1.54,3.43,27.56,TG/BC,80.0,5600.0,70.0,PMMA,500.0,5.5,Au,Au,Spin coating - annealing,200.0,oDCB,1000.0,Ambient,n,-5.95,-3.8,,,,,4.97,3.04,55.0,1000000-10000000,4.97,""
P6F2TC3,330,326,2017,10.1002/adma.201606217,Advanced Materials,CCCCCCCCCCCCCCC(CCCCCCCCCCCCCC)CCCN1C(=O)/C(=C2/C(=O)N(CCCC(CCCCCCCCCCCCCC)CCCCCCCCCCCCCC)c3c2ccc(-c2sc(-c4scc(F)c4F)c(F)c2F)c3F)c2cccc(F)c21,88.0,1.94,3.47,27.44,TG/BC,80.0,5600.0,70.0,PMMA,500.0,5.5,Au,Au,Spin coating - annealing,200.0,oDCB,1000.0,Ambient,n,-6.09,-3.92,,,,,1.35,1.08,45.0,1000000,1.35,""
C18-DPP-C17-BTZ,331,327,2015,10.1039/c5sc01326g,Chemical Science,CCCCCCCCCCCCCCCCCCN1C(=O)C2=C(c3ccc(-c4cccc5nn(C(CCCCCCCC)CCCCCCCC)nc45)s3)N(CCCCCCCCCCCCCCCCCC)C(=O)C2=C1c1cccs1,63.0,3.2,3.7,28.6,BG/TC,20.0,1000.0,50.0,PMMA,500.0,5.5,Cr/Au,Al,Spin coating - annealing,110.0,Chlorobenzene,,Nitrogen,ambipolar,-5.15,-3.9,2.4,,,>10000000,1.5,,,>10000000,2.4,"The authors did not mention which mode the on/off ratio applies to."
C18-DPP-C8-BTZ,332,328,2015,10.1039/c5sc01326g,Chemical Science,CCCCCCCCCCCCCCCCCCN1C(=O)C2=C(c3ccc(-c4cccc5nn(CCCCCCCC)nc45)s3)N(CCCCCCCCCCCCCCCCCC)C(=O)C2=C1c1cccs1,11.0,4.0,3.7,25.7,BG/TC,20.0,1000.0,50.0,PMMA,500.0,5.5,Cr/Au,Al,Spin coating - annealing,110.0,oDCB,,Nitrogen,ambipolar,-5.13,-3.81,0.48,,,>100000,0.31,,,>100000,0.48,""
C20-DPP-C8-BTZ,333,329,2015,10.1039/c5sc01326g,Chemical Science,CCCCCCCCCCCCCCCCCCN1C(=O)C2=C(c3cccs3)N(CC(CCCCCCCC)CCCCCCCCCC)C(=O)C2=C1c1ccc(-c2cccc3nn(CCCCCCCC)nc23)s1,93.0,1.5,,,BG/TC,20.0,1000.0,50.0,PMMA,500.0,5.5,Cr/Au,Al,Spin coating - annealing,300.0,Chlorobenzene,,Nitrogen,ambipolar,,,0.075,,,>100000,0.073,,,>100000,0.075,"the energy gap is 1.30eV"
C16-DPP-C8-BTZ,334,330,2015,10.1039/c5sc01326g,Chemical Science,CCCCCCCCCCCCCCCCCCN1C(=O)C2=C(c3cccs3)N(CCCCCCCCCCCCCCCC)C(=O)C2=C1c1ccc(-c2cccc3nn(CCCCCCCC)nc23)s1,28.0,2.0,3.6,23.2,BG/TC,20.0,1000.0,50.0,PMMA,500.0,5.5,Cr/Au,Al,Spin coating - annealing,300.0,Chlorobenzene,,Nitrogen,ambipolar,,,0.011,,,>10000,0.018,,,>10000,0.018,"the energy gap is 1.28eV"
PPyDPP1-BT,335,331,2018,10.1002/adfm.201801097,Advanced Functional Materials,CCCCCCCCCCCCC(CCCCCCCCCC)CN1C(=O)C2=C(c3ccc(-c4ccc(-c5cccs5)s4)cn3)N(CC(CCCCCCCCCC)CCCCCCCCCCCC)C(=O)C2=C1c1ccccn1,62.1,1.92,3.59,20.58,TG/BC,80.0,5600.0,70.0,PMMA,600.0,5.3,Au,Al,Spin coating - annealing,100.0,oDCB,3000.0,Ambient,ambipolar,-5.65,-3.47,0.86,0.75,-40.0,1000,1.05,0.87,35.0,1000,1.05,""
PPyDPP1-BT,335,332,2018,10.1002/adfm.201801097,Advanced Functional Materials,CCCCCCCCCCCCC(CCCCCCCCCC)CN1C(=O)C2=C(c3ccc(-c4ccc(-c5cccs5)s4)cn3)N(CC(CCCCCCCCCC)CCCCCCCCCCCC)C(=O)C2=C1c1ccccn1,62.1,1.92,3.59,20.58,TG/BC,80.0,5600.0,70.0,PMMA,600.0,5.3,Au,Al,Spin coating - annealing,200.0,oDCB,3000.0,Ambient,ambipolar,-5.65,-3.47,0.61,0.54,-41.0,1000,0.83,0.71,31.0,1000,0.83,""
PPyDPP1-4FBT,336,333,2018,10.1002/adfm.201801097,Advanced Functional Materials,CCCCCCCCCCCCC(CCCCCCCCCC)CN1C(=O)C2=C(c3ccc(-c4sc(-c5scc(F)c5F)c(F)c4F)cn3)N(CC(CCCCCCCCCC)CCCCCCCCCCCC)C(=O)C2=C1c1ccccn1,157.4,1.85,3.56,20.65,TG/BC,80.0,5600.0,70.0,PMMA,600.0,5.3,Au,Al,Spin coating - annealing,100.0,oDCB,3000.0,Ambient,n,-5.93,-3.65,,,,,0.58,0.47,43.0,100000,0.58,""
PPyDPP1-4FBT,336,334,2018,10.1002/adfm.201801097,Advanced Functional Materials,CCCCCCCCCCCCC(CCCCCCCCCC)CN1C(=O)C2=C(c3ccc(-c4sc(-c5scc(F)c5F)c(F)c4F)cn3)N(CC(CCCCCCCCCC)CCCCCCCCCCCC)C(=O)C2=C1c1ccccn1,157.4,1.85,3.56,20.65,TG/BC,80.0,5600.0,70.0,PMMA,600.0,5.3,Au,Al,Spin coating - annealing,200.0,oDCB,3000.0,Ambient,n,-5.93,-3.65,,,,,1.02,0.92,33.0,100000,1.02,""
PPyDPP1-4FBT,336,335,2018,10.1002/adfm.201801097,Advanced Functional Materials,CCCCCCCCCCCCC(CCCCCCCCCC)CN1C(=O)C2=C(c3ccc(-c4sc(-c5scc(F)c5F)c(F)c4F)cn3)N(CC(CCCCCCCCCC)CCCCCCCCCCCC)C(=O)C2=C1c1ccccn1,157.4,1.85,3.56,20.65,TG/BC,80.0,5600.0,70.0,PMMA,600.0,5.3,Au,Al,Spin coating - annealing,250.0,oDCB,3000.0,Ambient,n,-5.93,-3.65,,,,,0.81,0.68,29.0,100000,0.81,""
PPyDPP2-4FBT,337,336,2018,10.1002/adfm.201801097,Advanced Functional Materials,CCCCCCCCCCCCCCC(CCCCCCCCCCCCCC)CCCN1C(=O)C2=C(c3ccc(-c4sc(-c5scc(F)c5F)c(F)c4F)cn3)N(CCCC(CCCCCCCCCCCCCC)CCCCCCCCCCCCCC)C(=O)C2=C1c1ccccn1,120.2,2.26,3.52,26.81,TG/BC,80.0,5600.0,70.0,PMMA,600.0,5.3,Au,Al,Spin coating - annealing,100.0,oDCB,3000.0,Ambient,n,-5.96,-3.69,,,,,2.06,1.79,43.0,100000,2.06,""
PPyDPP2-4FBT,337,337,2018,10.1002/adfm.201801097,Advanced Functional Materials,CCCCCCCCCCCCCCC(CCCCCCCCCCCCCC)CCCN1C(=O)C2=C(c3ccc(-c4sc(-c5scc(F)c5F)c(F)c4F)cn3)N(CCCC(CCCCCCCCCCCCCC)CCCCCCCCCCCCCC)C(=O)C2=C1c1ccccn1,120.2,2.26,3.52,26.81,TG/BC,80.0,5600.0,70.0,PMMA,600.0,5.3,Au,Al,Spin coating - annealing,200.0,oDCB,3000.0,Ambient,n,-5.96,-3.69,,,,,2.45,2.08,28.0,100000,2.45,""
PPyDPP2-4FBT,337,338,2018,10.1002/adfm.201801097,Advanced Functional Materials,CCCCCCCCCCCCCCC(CCCCCCCCCCCCCC)CCCN1C(=O)C2=C(c3ccc(-c4sc(-c5scc(F)c5F)c(F)c4F)cn3)N(CCCC(CCCCCCCCCCCCCC)CCCCCCCCCCCCCC)C(=O)C2=C1c1ccccn1,120.2,2.26,3.52,26.81,TG/BC,80.0,5600.0,70.0,PMMA,600.0,5.3,Au,Al,Spin coating - annealing,250.0,oDCB,3000.0,Ambient,n,-5.96,-3.69,,,,,1.56,1.29,28.0,100000,1.56,""
PPyDPP1-4FTVT,338,339,2018,10.1002/adfm.201801097,Advanced Functional Materials,CCCCCCCCCCCCC(CCCCCCCCCC)CN1C(=O)C2=C(c3ccc(-c4sc(/C=C/c5scc(F)c5F)c(F)c4F)cn3)N(CC(CCCCCCCCCC)CCCCCCCCCCCC)C(=O)C2=C1c1ccccn1,102.7,1.77,3.51,20.91,TG/BC,80.0,5600.0,70.0,PMMA,600.0,5.3,Au,Al,Spin coating - annealing,100.0,oDCB,3000.0,Ambient,n,-5.86,-3.66,,,,,0.82,0.74,32.0,1000000,0.82,""
PPyDPP1-4FTVT,338,340,2018,10.1002/adfm.201801097,Advanced Functional Materials,CCCCCCCCCCCCC(CCCCCCCCCC)CN1C(=O)C2=C(c3ccc(-c4sc(/C=C/c5scc(F)c5F)c(F)c4F)cn3)N(CC(CCCCCCCCCC)CCCCCCCCCCCC)C(=O)C2=C1c1ccccn1,102.7,1.77,3.51,20.91,TG/BC,80.0,5600.0,70.0,PMMA,600.0,5.3,Au,Al,Spin coating - annealing,200.0,oDCB,3000.0,Ambient,n,-5.86,-3.66,,,,,1.19,1.08,21.0,1000000,1.19,""
PPyDPP1-4FTVT,338,341,2018,10.1002/adfm.201801097,Advanced Functional Materials,CCCCCCCCCCCCC(CCCCCCCCCC)CN1C(=O)C2=C(c3ccc(-c4sc(/C=C/c5scc(F)c5F)c(F)c4F)cn3)N(CC(CCCCCCCCCC)CCCCCCCCCCCC)C(=O)C2=C1c1ccccn1,102.7,1.77,3.51,20.91,TG/BC,80.0,5600.0,70.0,PMMA,600.0,5.3,Au,Al,Spin coating - annealing,250.0,oDCB,3000.0,Ambient,n,-5.86,-3.66,,,,,0.92,0.85,19.0,1000000,0.92,""
PPyDPP2-4FTVT ,339,342,2018,10.1002/adfm.201801097,Advanced Functional Materials,CCCCCCCCCCCCCCC(CCCCCCCCCCCCCC)CCCN1C(=O)C2=C(c3ccc(-c4sc(/C=C/c5scc(F)c5F)c(F)c4F)cn3)N(CCCC(CCCCCCCCCCCCCC)CCCCCCCCCCCCCC)C(=O)C2=C1c1ccccn1,126.2,1.7,3.48,27.1,TG/BC,80.0,5600.0,70.0,PMMA,600.0,5.3,Au,Al,Spin coating - annealing,100.0,oDCB,3000.0,Ambient,n,-5.89,-3.67,,,,,0.89,0.81,27.0,1000000,0.89,""
PPyDPP2-4FTVT ,339,343,2018,10.1002/adfm.201801097,Advanced Functional Materials,CCCCCCCCCCCCCCC(CCCCCCCCCCCCCC)CCCN1C(=O)C2=C(c3ccc(-c4sc(/C=C/c5scc(F)c5F)c(F)c4F)cn3)N(CCCC(CCCCCCCCCCCCCC)CCCCCCCCCCCCCC)C(=O)C2=C1c1ccccn1,126.2,1.7,3.48,27.1,TG/BC,80.0,5600.0,70.0,PMMA,600.0,5.3,Au,Al,Spin coating - annealing,200.0,oDCB,3000.0,Ambient,n,-5.89,-3.67,,,,,1.35,1.05,25.0,1000000,1.35,""
PPyDPP2-4FTVT ,339,344,2018,10.1002/adfm.201801097,Advanced Functional Materials,CCCCCCCCCCCCCCC(CCCCCCCCCCCCCC)CCCN1C(=O)C2=C(c3ccc(-c4sc(/C=C/c5scc(F)c5F)c(F)c4F)cn3)N(CCCC(CCCCCCCCCCCCCC)CCCCCCCCCCCCCC)C(=O)C2=C1c1ccccn1,126.2,1.7,3.48,27.1,TG/BC,80.0,5600.0,70.0,PMMA,600.0,5.3,Au,Al,Spin coating - annealing,250.0,oDCB,3000.0,Ambient,n,-5.89,-3.67,,,,,1.04,0.89,22.0,1000000,1.04,""
PEDTE1,340,345,2016,10.1021/acs.macromol.6b01510,Macromolecules,CCCCCCCCCCCCC(CCCCCCCCCC)CN1C(=O)C2=C(c3ccc(-c4ccc(/C(OCC)=C(\OCC)c5cccs5)s4)s3)N(CC(CCCCCCCCCC)CCCCCCCCCCCC)C(=O)C2=C1c1cccs1,63.4,2.0,3.89,22.5,BG/BC,50.0,1400.0,28.0,OTS-treated SiO2,300.0,11.0,Au,n+-Si,Spin coating ,,oDCB,2000.0,Ambient,p,-5.2,-3.84,0.1,0.07,2.0,1000-10000,,,,,0.1,""
PEDTE2,341,346,2016,10.1021/acs.macromol.6b01510,Macromolecules,CCCCCCCCCCC(CCCCCCCCCC)CCCN1C(=O)C2=C(c3ccc(-c4ccc(/C(OCC)=C(\OCC)c5cccs5)s4)s3)N(CCCC(CCCCCCCCCC)CCCCCCCCCC)C(=O)C2=C1c1cccs1,57.6,2.08,3.78,23.1,BG/BC,50.0,1400.0,28.0,OTS-treated SiO2,300.0,11.0,Au,n+-Si,Spin coating ,,oDCB,2000.0,Ambient,p,-5.18,-3.83,0.13,0.09,0.0,10000-100000,,,,,0.13,""
PEDTE3,342,347,2016,10.1021/acs.macromol.6b01510,Macromolecules,CCCCCCCCCCC(CCCCCCCCCC)CCCCN1C(=O)C2=C(c3ccc(-c4ccc(/C(OCC)=C(\OCC)c5cccs5)s4)s3)N(CCCCC(CCCCCCCCCC)CCCCCCCCCC)C(=O)C2=C1c1cccs1,57.2,2.13,3.78,24.0,BG/BC,50.0,1400.0,28.0,OTS-treated SiO2,300.0,11.0,Au,n+-Si,Spin coating ,,oDCB,2000.0,Ambient,p,-5.2,-3.85,0.15,0.11,0.0,10000-100000,,,,,0.15,""
PEDTE1,340,348,2016,10.1021/acs.macromol.6b01510,Macromolecules,CCCCCCCCCCCCC(CCCCCCCCCC)CN1C(=O)C2=C(c3ccc(-c4ccc(/C(OCC)=C(\OCC)c5cccs5)s4)s3)N(CC(CCCCCCCCCC)CCCCCCCCCCCC)C(=O)C2=C1c1cccs1,63.4,2.0,3.89,22.5,BG/BC,50.0,1400.0,28.0,OTS-treated SiO2,300.0,11.0,Au,n+-Si,Spin coating - annealing,180.0,oDCB,2000.0,Ambient,p,-5.2,-3.84,2.07,1.49,2.0,100000-1000000,,,,,2.07,""
PEDTE2,341,349,2016,10.1021/acs.macromol.6b01510,Macromolecules,CCCCCCCCCCC(CCCCCCCCCC)CCCN1C(=O)C2=C(c3ccc(-c4ccc(/C(OCC)=C(\OCC)c5cccs5)s4)s3)N(CCCC(CCCCCCCCCC)CCCCCCCCCC)C(=O)C2=C1c1cccs1,57.6,2.08,3.78,23.1,BG/BC,50.0,1400.0,28.0,OTS-treated SiO2,300.0,11.0,Au,n+-Si,Spin coating - annealing,180.0,oDCB,2000.0,Ambient,p,-5.18,-3.83,3.48,2.75,-2.0,100000-1000000,,,,,3.48,""
PEDTE3,342,350,2016,10.1021/acs.macromol.6b01510,Macromolecules,CCCCCCCCCCC(CCCCCCCCCC)CCCCN1C(=O)C2=C(c3ccc(-c4ccc(/C(OCC)=C(\OCC)c5cccs5)s4)s3)N(CCCCC(CCCCCCCCCC)CCCCCCCCCC)C(=O)C2=C1c1cccs1,57.2,2.13,3.78,24.0,BG/BC,50.0,1400.0,28.0,OTS-treated SiO2,300.0,11.0,Au,n+-Si,Spin coating - annealing,180.0,oDCB,2000.0,Ambient,p,-5.2,-3.85,5.37,4.38,-2.0,100000-1000000,,,,,5.37,""
PD-8-DTTE-7,343,351,2016,10.1039/c6py00469e,Polymer Chemistry,CCCCCCCCCCC(CCCCCCCC)CN1C(=O)C2=C(c3ccc(-c4cc5sc(/C=C/c6sc7ccsc7c6CCCCCCC)c(CCCCCCC)c5s4)s3)N(CC(CCCCCCCC)CCCCCCCCCC)C(=O)C2=C1c1cccs1,74.0,2.75,3.84,19.08,BG/BC,50.0,1400.0,28.0,OTS-treated SiO2,300.0,11.0,Au,n+-Si,Spin coating - annealing,140.0,oDCB,2000.0,Ambient,p,-5.32,-4.06,8.49,5.68,4.2,1000000-10000000,,,,,8.49,""
PD-10-DTTE-7,344,352,2016,10.1039/c6py00469e,Polymer Chemistry,CCCCCCCCCCCCC(CCCCCCCCCC)CN1C(=O)C2=C(c3ccc(-c4cc5sc(/C=C/c6sc7ccsc7c6CCCCCCC)c(CCCCCCC)c5s4)s3)N(CC(CCCCCCCCCC)CCCCCCCCCCCC)C(=O)C2=C1c1cccs1,182.0,2.91,3.85,20.1,BG/BC,50.0,1400.0,28.0,OTS-treated SiO2,300.0,11.0,Au,n+-Si,Spin coating - annealing,140.0,oDCB,2000.0,Ambient,p,-5.33,-4.08,9.54,8.16,4.8,100000-10000000,,,,,9.54,""
DSDPP-BT,345,353,2015,10.1039/c4py01536c,Polymer Chemistry,CCCCCCCCCCCCC(CCCCCCCCCC)CN1C(=O)C2=C(c3ccc(-c4ccc(-c5cccs5)s4)[se]3)N(CC(CCCCCCCCCC)CCCCCCCCCCCC)C(=O)C2=C1c1ccc[se]1,114.0,2.41,3.94,21.7,BG/BC,100.0,1500.0,15.0,OTS-treated SiO2,300.0,11.0,Au,n+-Si,Spin coating ,,Chloroform,2000.0,Ambient,p,-5.18,-3.86,0.72,0.52,22.0,1000000,,,,,0.72,""
DSDPP-TVT,346,354,2015,10.1039/c4py01536c,Polymer Chemistry,CCCCCCCCCCCCC(CCCCCCCCCC)CN1C(=O)C2=C(c3ccc(-c4ccc(-c5ccc[se]5)[se]4)[se]3)N(CC(CCCCCCCCCC)CCCCCCCCCCCC)C(=O)C2=C1c1ccc[se]1,140.7,2.88,3.72,22.4,BG/BC,100.0,1500.0,15.0,OTS-treated SiO2,300.0,11.0,Au,n+-Si,Spin coating ,,Chloroform,2000.0,Ambient,p,-5.12,-3.79,0.83,0.76,19.0,1000000,,,,,0.83,""
DSDPP-BS,347,355,2015,10.1039/c4py01536c,Polymer Chemistry,CCCCCCCCCCCCC(CCCCCCCCCC)CN1C(=O)C2=C(c3ccc(-c4ccc(/C=C/c5cccs5)s4)[se]3)N(CC(CCCCCCCCCC)CCCCCCCCCCCC)C(=O)C2=C1c1ccc[se]1,217.3,3.21,3.96,23.1,BG/BC,100.0,1500.0,15.0,OTS-treated SiO2,300.0,11.0,Au,n+-Si,Spin coating ,,Chloroform,2000.0,Ambient,p,-5.16,-3.9,0.86,0.8,22.0,100000,,,,,0.86,""
DSDPP-SVS,348,356,2015,10.1039/c4py01536c,Polymer Chemistry,CCCCCCCCCCCCC(CCCCCCCCCC)CN1C(=O)C2=C(c3ccc(-c4ccc(/C=C/c5ccc[se]5)[se]4)[se]3)N(CC(CCCCCCCCCC)CCCCCCCCCCCC)C(=O)C2=C1c1ccc[se]1,347.0,3.1,3.74,23.8,BG/BC,100.0,1500.0,15.0,OTS-treated SiO2,300.0,11.0,Au,n+-Si,Spin coating ,,Chloroform,2000.0,Ambient,p,-5.1,-3.83,1.11,0.97,21.0,1000000,,,,,1.11,""
DSDPP-BT,345,357,2015,10.1039/c4py01536c,Polymer Chemistry,CCCCCCCCCCCCC(CCCCCCCCCC)CN1C(=O)C2=C(c3ccc(-c4ccc(-c5cccs5)s4)[se]3)N(CC(CCCCCCCCCC)CCCCCCCCCCCC)C(=O)C2=C1c1ccc[se]1,114.0,2.41,3.94,21.7,BG/BC,100.0,1500.0,15.0,OTS-treated SiO2,300.0,11.0,Au,n+-Si,Spin coating - annealing,200.0,Chloroform,2000.0,Ambient,p,-5.18,-3.86,1.79,1.56,19.0,10000000,,,,,1.79,""
DSDPP-TVT,346,358,2015,10.1039/c4py01536c,Polymer Chemistry,CCCCCCCCCCCCC(CCCCCCCCCC)CN1C(=O)C2=C(c3ccc(-c4ccc(-c5ccc[se]5)[se]4)[se]3)N(CC(CCCCCCCCCC)CCCCCCCCCCCC)C(=O)C2=C1c1ccc[se]1,140.7,2.88,3.72,22.4,BG/BC,100.0,1500.0,15.0,OTS-treated SiO2,300.0,11.0,Au,n+-Si,Spin coating - annealing,200.0,Chloroform,2000.0,Ambient,p,-5.12,-3.79,4.15,3.89,16.0,10000000,,,,,4.15,""
DSDPP-BS,347,359,2015,10.1039/c4py01536c,Polymer Chemistry,CCCCCCCCCCCCC(CCCCCCCCCC)CN1C(=O)C2=C(c3ccc(-c4ccc(/C=C/c5cccs5)s4)[se]3)N(CC(CCCCCCCCCC)CCCCCCCCCCCC)C(=O)C2=C1c1ccc[se]1,217.3,3.21,3.96,23.1,BG/BC,100.0,1500.0,15.0,OTS-treated SiO2,300.0,11.0,Au,n+-Si,Spin coating - annealing,200.0,Chloroform,2000.0,Ambient,p,-5.16,-3.9,2.08,1.81,19.0,1000000,,,,,2.08,""
DSDPP-SVS,348,360,2015,10.1039/c4py01536c,Polymer Chemistry,CCCCCCCCCCCCC(CCCCCCCCCC)CN1C(=O)C2=C(c3ccc(-c4ccc(/C=C/c5ccc[se]5)[se]4)[se]3)N(CC(CCCCCCCCCC)CCCCCCCCCCCC)C(=O)C2=C1c1ccc[se]1,347.0,3.1,3.74,23.8,BG/BC,100.0,1500.0,15.0,OTS-treated SiO2,300.0,11.0,Au,n+-Si,Spin coating - annealing,200.0,Chloroform,2000.0,Ambient,p,-5.1,-3.83,5.23,4.91,21.0,10000000,,,,,5.23,""
P4F2T-C40,349,361,2018,10.1021/acs.macromol.8b01112,Macromolecules,CCCCCCCCCCCCCCCCCCC(CCCCCCCCCCCCCCCCCC)CCCN1C(=O)C2=C(c3ccc(-c4sc(-c5scc(F)c5F)c(F)c4F)s3)N(CCCC(CCCCCCCCCCCCCCCCCC)CCCCCCCCCCCCCCCCCC)C(=O)C2=C1c1cccs1,44.6,1.85,3.54,31.53,TG/BC,80.0,5600.0,70.0,PMMA,600.0,4.6,Au,Au,Spin coating - annealing,200.0,oDCB,2000.0,Ambient,ambipolar,-5.5,-3.58,0.69,0.5,-22.0,1000-10000,1.21,1.14,40.0,1000-10000,1.21,""
P4FTAT-C40,350,362,2018,10.1021/acs.macromol.8b01112,Macromolecules,CCCCCCCCCCCCCCCCCCC(CCCCCCCCCCCCCCCCCC)CCCN1C(=O)C2=C(c3ccc(-c4sc(/C=C/c5scc(F)c5F)c(F)c4F)s3)N(CCCC(CCCCCCCCCCCCCCCCCC)CCCCCCCCCCCCCCCCCC)C(=O)C2=C1c1cccs1,70.5,5.5,,,TG/BC,80.0,5600.0,70.0,PMMA,600.0,4.6,Au,Au,Spin coating - annealing,200.0,oDCB,2000.0,Ambient,ambipolar,-5.46,-3.57,0.013,0.011,-50.0,10000-100000,0.024,0.015,60.0,10000-100000,0.024,""
P4FTVT-C40,351,363,2018,10.1021/acs.macromol.8b01112,Macromolecules,CCCCCCCCCCCCCCCCCCC(CCCCCCCCCCCCCCCCCC)CCCN1C(=O)C2=C(c3ccc(-c4sc(C#Cc5scc(F)c5F)c(F)c4F)s3)N(CCCC(CCCCCCCCCCCCCCCCCC)CCCCCCCCCCCCCCCCCC)C(=O)C2=C1c1cccs1,34.8,2.21,,32.7,TG/BC,80.0,5600.0,70.0,PMMA,600.0,4.6,Au,Au,Spin coating - annealing,200.0,oDCB,2000.0,Ambient,ambipolar,-5.39,-3.51,1.54,0.97,-40.0,10000-100000,3.22,2.96,55.0,10000-100000,3.22,""
P4FTVT-C32H,352,364,2018,10.1021/acs.macromol.8b01112,Macromolecules,CCCCCCCCCCCCCCC(CCCCCCCCCCCCCC)CCCN1C(=O)C2=C(c3ccc(-c4sc(/C=C/c5scc(F)c5F)c(F)c4F)s3)N(CCCC(CCCCCCCCCCCCCC)CCCCCCCCCCCCCC)C(=O)C2=C1c1cccs1,49.8,1.94,3.5,39.23,TG/BC,80.0,5600.0,70.0,PMMA,600.0,4.6,Au,Au,Spin coating - annealing,200.0,oDCB,2000.0,Ambient,ambipolar,-5.4,-3.5,2.66,2.35,-50.0,1000-10000,7.9,6.72,45.0,1000-10000,7.9,""
P4FTVT-C32L,352,365,2018,10.1021/acs.macromol.8b01112,Macromolecules,CCCCCCCCCCCCCCC(CCCCCCCCCCCCCC)CCCN1C(=O)C2=C(c3ccc(-c4sc(/C=C/c5scc(F)c5F)c(F)c4F)s3)N(CCCC(CCCCCCCCCCCCCC)CCCCCCCCCCCCCC)C(=O)C2=C1c1cccs1,23.0,2.54,3.5,,TG/BC,80.0,5600.0,70.0,PMMA,600.0,4.6,Au,Au,Spin coating - annealing,200.0,oDCB,2000.0,Ambient,ambipolar,-5.4,-3.51,2.63,1.49,-40.0,1000-10000,8.11,5.68,50.0,1000-10000,8.11,""
P4FTVT-C24,353,366,2018,10.1021/acs.macromol.8b01112,Macromolecules,CCCCCCCCCCC(CCCCCCCCCC)CCCN1C(=O)C2=C(c3ccc(-c4sc(/C=C/c5scc(F)c5F)c(F)c4F)s3)N(CCCC(CCCCCCCCCC)CCCCCCCCCC)C(=O)C2=C1c1cccs1,52.9,2.73,,27.59,TG/BC,80.0,5600.0,70.0,PMMA,600.0,4.6,Au,Au,Spin coating - annealing,200.0,oDCB,2000.0,Ambient,ambipolar,-5.4,-3.52,0.61,0.4,-40.0,1000-10000,2.1,1.78,50.0,1000-10000,2.1,""
P4FTVT-C22,354,367,2018,10.1021/acs.macromol.8b01112,Macromolecules,CCCCCCCCCCC(CCCCCCCCCC)CN1C(=O)C2=C(c3ccc(-c4sc(/C=C/c5scc(F)c5F)c(F)c4F)s3)N(CC(CCCCCCCCCC)CCCCCCCCCC)C(=O)C2=C1c1cccs1,46.0,3.42,,23.54,TG/BC,80.0,5600.0,70.0,PMMA,600.0,4.6,Au,Au,Spin coating - annealing,200.0,oDCB,2000.0,Ambient,ambipolar,-5.41,-3.53,0.74,0.64,-55.0,1000-10000,1.24,1.0,55.0,1000-10000,1.24,""
PFDPPFSi,355,368,2019,10.1039/c9py00448c,Polymer Chemistry,C[Si](C)(C)O[Si](C)(CCCCCN1C(=O)C2=C(c3ccc(-c4ccco4)o3)N(CCCCC[Si](C)(O[Si](C)(C)C)O[Si](C)(C)C)C(=O)C2=C1c1ccco1)O[Si](C)(C)C,83.2,2.66,3.67,24.2,BG/TC,50.0,1000.0,20.0,OTS-treated SiO2,300.0,11.0,Au,n+-Si,Drop coating,,Chlorobenzene,,Nitrogen,p,-5.21,-3.57,1.03,0.78,,"10,000,000",0.06,0.05,,"1,000",1.03,""
PFDPPFSi,355,369,2019,10.1039/c9py00448c,Polymer Chemistry,C[Si](C)(C)O[Si](C)(CCCCCN1C(=O)C2=C(c3ccc(-c4ccco4)o3)N(CCCCC[Si](C)(O[Si](C)(C)C)O[Si](C)(C)C)C(=O)C2=C1c1ccco1)O[Si](C)(C)C,83.2,2.66,3.67,24.2,BG/TC,50.0,1000.0,20.0,OTS-treated SiO2,300.0,11.0,Au,n+-Si,Drop coating-annealing,220.0,Chlorobenzene,,Nitrogen,p,-5.21,-3.57,1.8,1.16,,"1,000,000",0.1,0.07,,"1,000",1.8,""
PFDPPFSi,355,370,2019,10.1039/c9py00448c,Polymer Chemistry,C[Si](C)(C)O[Si](C)(CCCCCN1C(=O)C2=C(c3ccc(-c4ccco4)o3)N(CCCCC[Si](C)(O[Si](C)(C)C)O[Si](C)(C)C)C(=O)C2=C1c1ccco1)O[Si](C)(C)C,83.2,2.66,3.67,24.2,BG/TC,50.0,1000.0,20.0,OTS-treated SiO2,300.0,11.0,Au,n+-Si,Solution shearing,,Chlorobenzene,,Nitrogen,p,-5.21,-3.57,1.2,0.86,,"100,000",0.12,0.08,,"10,000",1.2,""
PFDPPFSi,355,371,2019,10.1039/c9py00448c,Polymer Chemistry,C[Si](C)(C)O[Si](C)(CCCCCN1C(=O)C2=C(c3ccc(-c4ccco4)o3)N(CCCCC[Si](C)(O[Si](C)(C)C)O[Si](C)(C)C)C(=O)C2=C1c1ccco1)O[Si](C)(C)C,83.2,2.66,3.67,24.2,BG/TC,50.0,1000.0,20.0,OTS-treated SiO2,300.0,11.0,Au,n+-Si,Solution shearing-annealing,220.0,Chlorobenzene,,Nitrogen,p,-5.21,-3.57,2.48,1.8,,"10,000",0.16,0.12,,"1,000",2.48,""
PFDPPTSi,356,372,2019,10.1039/c9py00448c,Polymer Chemistry,C[Si](C)(C)O[Si](C)(CCCCCN1C(=O)C2=C(c3ccc(-c4cccs4)o3)N(CCCCC[Si](C)(O[Si](C)(C)C)O[Si](C)(C)C)C(=O)C2=C1c1ccco1)O[Si](C)(C)C,77.4,2.43,3.89,23.7,BG/TC,50.0,1000.0,20.0,OTS-treated SiO2,300.0,11.0,Au,n+-Si,Drop coating,,Chlorobenzene,,Nitrogen,p,-5.18,-3.57,0.84,0.69,,"10,000,000",0.12,0.1,,"1,000",0.84,""
PFDPPTSi,356,373,2019,10.1039/c9py00448c,Polymer Chemistry,C[Si](C)(C)O[Si](C)(CCCCCN1C(=O)C2=C(c3ccc(-c4cccs4)o3)N(CCCCC[Si](C)(O[Si](C)(C)C)O[Si](C)(C)C)C(=O)C2=C1c1ccco1)O[Si](C)(C)C,77.4,2.43,3.89,23.7,BG/TC,50.0,1000.0,20.0,OTS-treated SiO2,300.0,11.0,Au,n+-Si,Drop coating-annealing,220.0,Chlorobenzene,,Nitrogen,p,-5.18,-3.57,1.56,1.12,,"10,000,000",0.18,0.13,,"10,000",1.56,""
PFDPPTSi,356,374,2019,10.1039/c9py00448c,Polymer Chemistry,C[Si](C)(C)O[Si](C)(CCCCCN1C(=O)C2=C(c3ccc(-c4cccs4)o3)N(CCCCC[Si](C)(O[Si](C)(C)C)O[Si](C)(C)C)C(=O)C2=C1c1ccco1)O[Si](C)(C)C,77.4,2.43,3.89,23.7,BG/TC,50.0,1000.0,20.0,OTS-treated SiO2,300.0,11.0,Au,n+-Si,Solution shearing,,Chlorobenzene,,Nitrogen,p,-5.18,-3.57,0.94,0.76,,"1,000,000",0.14,0.12,,"1,000",0.94,""
PFDPPTSi,356,375,2019,10.1039/c9py00448c,Polymer Chemistry,C[Si](C)(C)O[Si](C)(CCCCCN1C(=O)C2=C(c3ccc(-c4cccs4)o3)N(CCCCC[Si](C)(O[Si](C)(C)C)O[Si](C)(C)C)C(=O)C2=C1c1ccco1)O[Si](C)(C)C,77.4,2.43,3.89,23.7,BG/TC,50.0,1000.0,20.0,OTS-treated SiO2,300.0,11.0,Au,n+-Si,Solution shearing-annealing,220.0,Chlorobenzene,,Nitrogen,p,-5.18,-3.57,1.99,1.43,,"10,000,000",0.21,0.18,,"10,000",1.99,""
PFDPPSSi,357,376,2019,10.1039/c9py00448c,Polymer Chemistry,C[Si](C)(C)O[Si](C)(CCCCCN1C(=O)C2=C(c3ccc(-c4ccc[se]4)o3)N(CCCCC[Si](C)(O[Si](C)(C)C)O[Si](C)(C)C)C(=O)C2=C1c1ccco1)O[Si](C)(C)C,73.6,2.58,3.79,23.4,BG/TC,50.0,1000.0,20.0,OTS-treated SiO2,300.0,11.0,Au,n+-Si,Drop coating,,Chlorobenzene,,Nitrogen,p,-5.18,-3.65,0.69,0.59,,"1,000,000",0.12,0.11,,"1,000",0.69,""
PFDPPSSi,357,377,2019,10.1039/c9py00448c,Polymer Chemistry,C[Si](C)(C)O[Si](C)(CCCCCN1C(=O)C2=C(c3ccc(-c4ccc[se]4)o3)N(CCCCC[Si](C)(O[Si](C)(C)C)O[Si](C)(C)C)C(=O)C2=C1c1ccco1)O[Si](C)(C)C,73.6,2.58,3.79,23.4,BG/TC,50.0,1000.0,20.0,OTS-treated SiO2,300.0,11.0,Au,n+-Si,Drop coating-annealing,220.0,Chlorobenzene,,Nitrogen,p,-5.18,-3.65,1.05,0.85,,"1,000,000",0.21,0.18,,"100,000",1.05,""
PFDPPSSi,357,378,2019,10.1039/c9py00448c,Polymer Chemistry,C[Si](C)(C)O[Si](C)(CCCCCN1C(=O)C2=C(c3ccc(-c4ccc[se]4)o3)N(CCCCC[Si](C)(O[Si](C)(C)C)O[Si](C)(C)C)C(=O)C2=C1c1ccco1)O[Si](C)(C)C,73.6,2.58,3.79,23.4,BG/TC,50.0,1000.0,20.0,OTS-treated SiO2,300.0,11.0,Au,n+-Si,Solution shearing,,Chlorobenzene,,Nitrogen,p,-5.18,-3.65,0.82,0.63,,"10,000,000",0.17,0.15,,"1,000",0.82,""
PFDPPSSi,357,379,2019,10.1039/c9py00448c,Polymer Chemistry,C[Si](C)(C)O[Si](C)(CCCCCN1C(=O)C2=C(c3ccc(-c4ccc[se]4)o3)N(CCCCC[Si](C)(O[Si](C)(C)C)O[Si](C)(C)C)C(=O)C2=C1c1ccco1)O[Si](C)(C)C,73.6,2.58,3.79,23.4,BG/TC,50.0,1000.0,20.0,OTS-treated SiO2,300.0,11.0,Au,n+-Si,Solution shearing-annealing,220.0,Chlorobenzene,,Nitrogen,p,-5.18,-3.65,1.9,1.2,,"1,000,000",0.3,0.23,,"10,000",1.9,""
PBTTDPP-BT,358,380,2017,10.1039/c7py00940b,Polymer Chemistry,CCCCCCCCCCC(CCCCCCCC)CN1C(=O)C2=C(c3cc4ccc(-c5ccc(-c6cccs6)s5)cc4s3)N(CC(CCCCCCCC)CCCCCCCCCC)C(=O)C2=C1c1cccs1,66.2,2.31,,,TG/BC,,,,PMMA,,,Au,Al,Spin coating,,oDCB,2000.0,Nitrogen,ambipolar,-4.73,-3.24,1.2,1.04,,10000-100000,0.4,0.35,,10000-100000,1.2,""
PBTTDPP-TT,359,381,2017,10.1039/c7py00940b,Polymer Chemistry,CCCCCCCCCCC(CCCCCCCC)CN1C(=O)C2=C(c3cc4ccc(-c5cc6sccc6s5)cc4s3)N(CC(CCCCCCCC)CCCCCCCCCC)C(=O)C2=C1c1cccs1,44.3,2.67,,,TG/BC,,,,PMMA,,,Au,Al,Spin coating,,oDCB,2000.0,Nitrogen,p,-5.09,-3.63,1.68,1.42,,1000-10000,0.14,0.1,,100-1000,1.68,""
PBTTDPP-2FBT,360,382,2017,10.1039/c7py00940b,Polymer Chemistry,CCCCCCCCCCC(CCCCCCCC)CN1C(=O)C2=C(c3cc4ccc(-c5cc(F)c(-c6sccc6F)s5)cc4s3)N(CC(CCCCCCCC)CCCCCCCCCC)C(=O)C2=C1c1cccs1,74.7,2.33,,,TG/BC,,,,PMMA,,,Au,Al,Spin coating,,oDCB,2000.0,Nitrogen,ambipolar,-5.29,-3.83,1.5,1.27,,10000-100000,0.35,0.27,,10000-100000,1.5,""
PDBPyBT,361,383,2014,10.1002/adma.201305981,Advanced Materials,CCCCCCCCCCC(CCCCCCCC)CN1C(=O)C2=C(c3ccc(-c4ccc(-c5cccs5)s4)cn3)N(CC(CCCCCCCC)CCCCCCCCCC)C(=O)C2=C1c1ccccn1,26.3,3.56,3.6,20.4,TG/BC,30.0,1000.0,33.0,Cytop,570.0,5.4,Au,Al,Spin coating - annealing,100.0,Chloroform,2000.0,Nitrogen,ambipolar,-5.69,-4.33,2.78,2.2,,1000,6.3,4.54,,1000,6.3,""
PDBPyBT,361,384,2014,10.1002/adma.201305981,Advanced Materials,CCCCCCCCCCC(CCCCCCCC)CN1C(=O)C2=C(c3ccc(-c4ccc(-c5cccs5)s4)cn3)N(CC(CCCCCCCC)CCCCCCCCCC)C(=O)C2=C1c1ccccn1,26.3,3.56,3.6,20.4,TG/BC,30.0,1000.0,33.0,Cytop,570.0,5.4,Au,Al,Spin coating - annealing,150.0,Chloroform,2000.0,Nitrogen,ambipolar,-5.69,-4.33,2.25,1.9,,10000,3.91,3.5,,10000,3.91,""
PDBPyBT,361,385,2014,10.1002/adma.201305981,Advanced Materials,CCCCCCCCCCC(CCCCCCCC)CN1C(=O)C2=C(c3ccc(-c4ccc(-c5cccs5)s4)cn3)N(CC(CCCCCCCC)CCCCCCCCCC)C(=O)C2=C1c1ccccn1,26.3,3.56,3.6,20.4,TG/BC,30.0,1000.0,33.0,Cytop,570.0,5.4,Au,Al,Spin coating - annealing,200.0,Chloroform,2000.0,Nitrogen,ambipolar,-5.69,-4.33,1.8,1.25,,10000,3.32,2.3,,10000,3.32,""
PDBPyBT,361,386,2014,10.1002/adma.201305981,Advanced Materials,CCCCCCCCCCC(CCCCCCCC)CN1C(=O)C2=C(c3ccc(-c4ccc(-c5cccs5)s4)cn3)N(CC(CCCCCCCC)CCCCCCCCCC)C(=O)C2=C1c1ccccn1,26.3,3.56,3.6,20.4,BG/BC,30.0,1000.0,33.0,DDTS-treated SiO2,200.0,,Au,n+-Si,Spin coating - annealing,100.0,Chloroform,3000.0,Ambient,p,-5.69,-4.33,0.088,0.072,,1000,,,,1000,0.088,""
PDBPyBT,361,387,2014,10.1002/adma.201305981,Advanced Materials,CCCCCCCCCCC(CCCCCCCC)CN1C(=O)C2=C(c3ccc(-c4ccc(-c5cccs5)s4)cn3)N(CC(CCCCCCCC)CCCCCCCCCC)C(=O)C2=C1c1ccccn1,26.3,3.56,3.6,20.4,BG/BC,30.0,1000.0,33.0,DDTS-treated SiO2,200.0,,Au,n+-Si,Spin coating - annealing,150.0,Chloroform,3000.0,Ambient,p,-5.69,-4.33,0.25,0.23,,10000,,,,10000,0.25,""
PDBPyBT,361,388,2014,10.1002/adma.201305981,Advanced Materials,CCCCCCCCCCC(CCCCCCCC)CN1C(=O)C2=C(c3ccc(-c4ccc(-c5cccs5)s4)cn3)N(CC(CCCCCCCC)CCCCCCCCCC)C(=O)C2=C1c1ccccn1,26.3,3.56,3.6,20.4,BG/BC,30.0,1000.0,33.0,DDTS-treated SiO2,200.0,,Au,n+-Si,Spin coating - annealing,200.0,Chloroform,3000.0,Ambient,p,-5.69,-4.33,0.46,0.39,,10000,,,,10000,0.46,""
PQuT-T,362,389,2018,10.1002/adma.201706557,Advanced Materials,CCCCCCCCCCCCC(CCCCCCCCCC)CN1C(=O)/C(=c2\cc/c(=C3\C(=O)N(CC(CCCCCCCCCC)CCCCCCCCCCCC)c4cc(-c5cccs5)ccc43)s2)c2ccccc21,25.3,1.26,3.6,24.2,TG/BC,500.0,10000.0,20.0,PMMA,500.0,,Ni/Au,Al,Spin coating,,o-DCB,1500.0,Nitrogen,p,-5.24,-3.56,,0.00694,-12.6,100000,,0.00217,13.4,1000,0.00694,"off-center spin-coating were reported to reach a higher mobility"
PQuT-T,362,390,2018,10.1002/adma.201706557,Advanced Materials,CCCCCCCCCCCCC(CCCCCCCCCC)CN1C(=O)/C(=c2\cc/c(=C3\C(=O)N(CC(CCCCCCCCCC)CCCCCCCCCCCC)c4cc(-c5cccs5)ccc43)s2)c2ccccc21,25.3,1.26,3.6,24.2,TG/BC,500.0,10000.0,20.0,PMMA,500.0,,Ni/Au,Al,Spin coating - annealing,250.0,o-DCB,1500.0,Nitrogen,p,-5.24,-3.56,3.6,1.37,-46.9,1000000,0.81,0.34,38.6,100000,3.6,""
PQUT-BT,363,391,2018,10.1002/adma.201706557,Advanced Materials,CCCCCCCCCCCCC(CCCCCCCCCC)CN1C(=O)/C(=c2\cc/c(=C3\C(=O)N(CC(CCCCCCCCCC)CCCCCCCCCCCC)c4cc(-c5ccc(-c6cccs6)s5)ccc43)s2)c2ccccc21,22.6,2.58,3.6,23.8,TG/BC,500.0,10000.0,20.0,PMMA,500.0,,Ni/Au,Al,Spin coating,,o-DCB,1500.0,Nitrogen,p,-5.11,-3.55,,0.0822,-32.2,100000,,0.0108,30.5,100,0.0822,""
PQUT-BT,363,392,2018,10.1002/adma.201706557,Advanced Materials,CCCCCCCCCCCCC(CCCCCCCCCC)CN1C(=O)/C(=c2\cc/c(=C3\C(=O)N(CC(CCCCCCCCCC)CCCCCCCCCCCC)c4cc(-c5ccc(-c6cccs6)s5)ccc43)s2)c2ccccc21,22.6,2.58,3.6,23.8,TG/BC,500.0,10000.0,20.0,PMMA,500.0,,Ni/Au,Al,Spin coating - annealing,250.0,o-DCB,1500.0,Nitrogen,p,-5.11,-3.55,2.77,1.33,-45.5,1000000,0.28,0.14,32.8,10000,2.77,""
PBTI1,364,393,2018,10.1021/jacs.8b02144,Journal of American Chemical Society,CCCCCCCCCCC(CCCCCCCC)Cn1c(=O)c2ccsc2c2sccc2c1=O,12.7,2.1,3.7,25.6,TG/BC,50.0,5000.0,100.0,Cytop,400.0,,Au/Cr,Al,Spin coating - annealing,160.0,Chloroform,,Nitrogen,n,-5.46,-3.48,,,,,1.53,1.19,25.0,1000000,1.53,""
PBTI2,365,394,2018,10.1021/jacs.8b02144,Journal of American Chemical Society,CCCCCCCCCCC(CCCCCCCC)Cn1c(=O)c2ccsc2c2sc3c(sc4c5sccc5c(=O)n(CC(CCCCCCCC)CCCCCCCCCC)c(=O)c43)c2c1=O,13.3,2.2,3.7,25.6,TG/BC,50.0,5000.0,100.0,Cytop,400.0,,Au/Cr,Al,Spin coating - annealing,160.0,Chloroform,,Nitrogen,n,-5.39,-3.53,,,,,1.34,1.07,21.0,1000000,1.34,""
PBTI3,366,395,2018,10.1021/jacs.8b02144,Journal of American Chemical Society,CCCCCCCCCCC(CCCCCCCC)Cn1c(=O)c2c(c3sccc3c1=O)SC1c3c(c4sc5c(sc6c7sccc7c(=O)n(CC(CCCCCCCC)CCCCCCCCCC)c(=O)c65)c4c(=O)n(CC(CCCCCCCC)CCCCCCCCCC)c3=O)SC21,11.7,1.9,3.7,25.6,TG/BC,50.0,5000.0,100.0,Cytop,400.0,,Au/Cr,Al,Spin coating - annealing,160.0,Chloroform,,Nitrogen,n,-5.41,-3.59,,,,,0.47,0.41,21.0,1000000,0.47,""
PBTI4,367,396,2018,10.1021/jacs.8b02144,Journal of American Chemical Society,CCCCCCCCCCC(CCCCCCCC)Cn1c(=O)c2c(c3sc4c(sc5c6sccc6c(=O)n(CC(CCCCCCCC)CCCCCCCCCC)c(=O)c54)c3c1=O)SC1c3c(c4sc5c(sc6c7sccc7c(=O)n(CC(CCCCCCCC)CCCCCCCCCC)c(=O)c65)c4c(=O)n(CC(CCCCCCCC)CCCCCCCCCC)c3=O)SC21,9.4,1.6,3.7,25.6,TG/BC,50.0,5000.0,100.0,Cytop,400.0,,Au/Cr,Al,Spin coating - annealing,160.0,Chloroform,,Nitrogen,n,-5.47,-3.67,,,,,0.21,0.16,14.0,1000000,0.21,""
PBTI5,368,397,2018,10.1021/jacs.8b02144,Journal of American Chemical Society,CCCCCCCCCCC(CCCCCCCC)Cn1c(=O)c2c(c3sc4c(sc5c6sccc6c(=O)n(CC(CCCCCCCC)CCCCCCCCCC)c(=O)c54)c3c1=O)SC1c3c(c4sc5c(sc6c7sc8c(sc9c%10sccc%10c(=O)n(CC(CCCCCCCC)CCCCCCCCCC)c(=O)c98)c7c(=O)n(CC(CCCCCCCC)CCCCCCCCCC)c(=O)c56)c4c(=O)n(CC(CCCCCCCC)CCCCCCCCCC)c3=O)SC21,9.2,1.1,3.7,25.6,TG/BC,50.0,5000.0,100.0,Cytop,400.0,,Au/Cr,Al,Spin coating - annealing,160.0,Chloroform,,Nitrogen,n,-5.49,-3.72,,,,,0.014,0.013,26.0,100000,0.014,""
PBTI1,364,398,2018,10.1021/jacs.8b02144,Journal of American Chemical Society,CCCCCCCCCCC(CCCCCCCC)Cn1c(=O)c2ccsc2c2sccc2c1=O,12.7,2.1,3.7,25.6,TG/BC,50.0,5000.0,100.0,Cytop,400.0,,Au/Cr,Al,Spin coating - annealing,240.0,Chloroform,,Nitrogen,n,-5.46,-3.48,,,,,1.53,1.12,33.0,1000000,1.53,""
PBTI2,365,399,2018,10.1021/jacs.8b02144,Journal of American Chemical Society,CCCCCCCCCCC(CCCCCCCC)Cn1c(=O)c2ccsc2c2sc3c(sc4c5sccc5c(=O)n(CC(CCCCCCCC)CCCCCCCCCC)c(=O)c43)c2c1=O,13.3,2.2,3.7,25.6,TG/BC,50.0,5000.0,100.0,Cytop,400.0,,Au/Cr,Al,Spin coating - annealing,240.0,Chloroform,,Nitrogen,n,-5.39,-3.53,,,,,0.97,0.76,21.0,1000000,0.97,""
PBTI3,366,400,2018,10.1021/jacs.8b02144,Journal of American Chemical Society,CCCCCCCCCCC(CCCCCCCC)Cn1c(=O)c2c(c3sccc3c1=O)SC1c3c(c4sc5c(sc6c7sccc7c(=O)n(CC(CCCCCCCC)CCCCCCCCCC)c(=O)c65)c4c(=O)n(CC(CCCCCCCC)CCCCCCCCCC)c3=O)SC21,11.7,1.9,3.7,25.6,TG/BC,50.0,5000.0,100.0,Cytop,400.0,,Au/Cr,Al,Spin coating - annealing,240.0,Chloroform,,Nitrogen,n,-5.41,-3.59,,,,,0.38,0.33,20.0,1000000,0.38,""
PBTI4,367,401,2018,10.1021/jacs.8b02144,Journal of American Chemical Society,CCCCCCCCCCC(CCCCCCCC)Cn1c(=O)c2c(c3sc4c(sc5c6sccc6c(=O)n(CC(CCCCCCCC)CCCCCCCCCC)c(=O)c54)c3c1=O)SC1c3c(c4sc5c(sc6c7sccc7c(=O)n(CC(CCCCCCCC)CCCCCCCCCC)c(=O)c65)c4c(=O)n(CC(CCCCCCCC)CCCCCCCCCC)c3=O)SC21,9.4,1.6,3.7,25.6,TG/BC,50.0,5000.0,100.0,Cytop,400.0,,Au/Cr,Al,Spin coating - annealing,240.0,Chloroform,,Nitrogen,n,-5.47,-3.67,,,,,0.15,0.12,15.0,100000,0.15,""
PBTI5,368,402,2018,10.1021/jacs.8b02144,Journal of American Chemical Society,CCCCCCCCCCC(CCCCCCCC)Cn1c(=O)c2c(c3sc4c(sc5c6sccc6c(=O)n(CC(CCCCCCCC)CCCCCCCCCC)c(=O)c54)c3c1=O)SC1c3c(c4sc5c(sc6c7sc8c(sc9c%10sccc%10c(=O)n(CC(CCCCCCCC)CCCCCCCCCC)c(=O)c98)c7c(=O)n(CC(CCCCCCCC)CCCCCCCCCC)c(=O)c56)c4c(=O)n(CC(CCCCCCCC)CCCCCCCCCC)c3=O)SC21,9.2,1.1,3.7,25.6,TG/BC,50.0,5000.0,100.0,Cytop,400.0,,Au/Cr,Al,Spin coating - annealing,240.0,Chloroform,,Nitrogen,n,-5.49,-3.72,,,,,0.011,0.0098,28.0,100000,0.011,""
NBA-P2,369,403,2017,10.1021/jacs.7b07750,Journal of American Chemical Society,CCCCCCCCCCC(CCCCCCCC)CN1C(=O)c2ccc3c4c(c(-c5ccc(-c6cccs6)s5)cc1c24)C(=O)N3CC(CCCCCCCC)CCCCCCCCCC,35.6,3.91,3.58,25.1,BG/TC,60.0,1000.0,16.7,PMMA,,,Au/Cr,Al,Spin coating - annealing,200.0,o-DCB,1000.0,Ambient,p,-5.58,-3.89,0.0843,0.05,-20.6,12600,,,,,0.0843,""
NBA-P2,369,404,2017,10.1021/jacs.7b07750,Journal of American Chemical Society,CCCCCCCCCCC(CCCCCCCC)CN1C(=O)c2ccc3c4c(c(-c5ccc(-c6cccs6)s5)cc1c24)C(=O)N3CC(CCCCCCCC)CCCCCCCCCC,35.6,3.91,3.58,25.1,TG/BC,60.0,1000.0,16.7,PMMA,,,Au/Cr,Al,Spin coating - annealing,200.0,o-DCB,1000.0,Ambient,ambipolar,-5.58,-3.89,0.108,0.1,-42.1,63,0.393,0.34,40.2,500,0.393,""
NBA-P2,369,405,2017,10.1021/jacs.7b07750,Journal of American Chemical Society,CCCCCCCCCCC(CCCCCCCC)CN1C(=O)c2ccc3c4c(c(-c5ccc(-c6cccs6)s5)cc1c24)C(=O)N3CC(CCCCCCCC)CCCCCCCCCC,35.6,3.91,3.58,25.1,TG/BC,60.0,1000.0,16.7,PMMA,,,Au/Cr,Al,Spin coating - annealing,200.0,o-DCB,1000.0,vacuum,ambipolar,-5.58,-3.89,0.108,0.08,-41.6,50,0.38,0.28,40.1,316,0.38,""
NBA-P3,370,406,2017,10.1021/jacs.7b07750,Journal of American Chemical Society,CCCCCCCCCCCCCCC(CCCCCCCCCCCCCC)CN1C(=O)c2ccc3c4c(c(-c5ccc(-c6cccs6)s5)cc1c24)C(=O)N3CC(CCCCCCCCCCCCCC)CCCCCCCCCCCCCC,40.1,3.47,3.62,30.9,TG/BC,60.0,1000.0,16.7,PMMA,,,Au/Cr,Al,Spin coating - annealing,200.0,o-DCB,1000.0,Ambient,n,-5.63,-3.94,0.0256,0.021,-43.6,32,0.107,0.09,44.2,500,0.107,""
NBA-P3,370,407,2017,10.1021/jacs.7b07750,Journal of American Chemical Society,CCCCCCCCCCCCCCC(CCCCCCCCCCCCCC)CN1C(=O)c2ccc3c4c(c(-c5ccc(-c6cccs6)s5)cc1c24)C(=O)N3CC(CCCCCCCCCCCCCC)CCCCCCCCCCCCCC,40.1,3.47,3.62,30.9,TG/BC,60.0,1000.0,16.7,PMMA,,,Au/Cr,Al,Spin coating - annealing,200.0,o-DCB,1000.0,vacuum,n,-5.63,-3.94,0.0266,0.022,-42.0,40,0.107,0.08,39.5,500,0.107,""
NBA-P4,371,408,2017,10.1021/jacs.7b07750,Journal of American Chemical Society,CCCCCCCCCCCCCCC(CCCCCCCCCCCCCC)CN1C(=O)c2ccc3c4c(c(-c5ccc(/C=C/c6cccs6)s5)cc1c24)C(=O)N3CC(CCCCCCCCCCCCCC)CCCCCCCCCCCCCC,148.5,3.32,3.51,32.0,TG/BC,60.0,1000.0,16.7,PMMA,,,Au/Cr,Al,Spin coating - annealing,200.0,o-DCB,1000.0,Ambient,p,-5.53,-3.89,0.172,0.13,-40.0,79,0.0426,0.031,41.7,79,0.172,""
NBA-P4,371,409,2017,10.1021/jacs.7b07750,Journal of American Chemical Society,CCCCCCCCCCCCCCC(CCCCCCCCCCCCCC)CN1C(=O)c2ccc3c4c(c(-c5ccc(/C=C/c6cccs6)s5)cc1c24)C(=O)N3CC(CCCCCCCCCCCCCC)CCCCCCCCCCCCCC,148.5,3.32,3.51,32.0,TG/BC,60.0,1000.0,16.7,PMMA,,,Au/Cr,Al,Spin coating - annealing,200.0,o-DCB,1000.0,vacuum,p,-5.53,-3.89,0.318,0.15,-37.0,126,0.0563,0.03,46.1,16,0.318,""
PDTzTI,372,410,2018,10.1002/adma.201705745,Advanced Materials,CCCCCCCCC(CCCCCC)Cn1c(=O)c2ccsc2c2sc(-c3nc4c(=O)n(CC(CCCCCC)CCCCCCCC)c(=O)c5ccsc5c4s3)nc2c1=O,7.0,1.1,3.35,,TG/BC,,,50.0,Cytop,,4.4,Au/Cr,Al,Spin coating,,CTL-809M : CT-SOLV180 = 2:1,,Nitrogen,n,-5.78,-3.77,,,,,0.16,0.1,48.0,1000000-10000000,0.16,"channel width (W) normalized total resistance"
PDTzTI,372,411,2018,10.1002/adma.201705745,Advanced Materials,CCCCCCCCC(CCCCCC)Cn1c(=O)c2ccsc2c2sc(-c3nc4c(=O)n(CC(CCCCCC)CCCCCCCC)c(=O)c5ccsc5c4s3)nc2c1=O,7.0,1.1,3.35,,TG/BC,,,50.0,Cytop,,4.4,Au/Cr,Al,Spin coating - annealing,150.0,CTL-809M : CT-SOLV180 = 2:1,,Nitrogen,n,-5.78,-3.77,,,,,0.79,0.62,42.0,10000000-100000000,0.79,"channel width (W) normalized total resistance"
PDTzTI,372,412,2018,10.1002/adma.201705745,Advanced Materials,CCCCCCCCC(CCCCCC)Cn1c(=O)c2ccsc2c2sc(-c3nc4c(=O)n(CC(CCCCCC)CCCCCCCC)c(=O)c5ccsc5c4s3)nc2c1=O,7.0,1.1,3.35,,TG/BC,,,50.0,Cytop,,4.4,Au/Cr,Al,Spin coating - annealing,250.0,CTL-809M : CT-SOLV180 = 2:1,,Nitrogen,n,-5.78,-3.77,,,,,0.5,0.37,44.0,1000000-10000000,0.5,"channel width (W) normalized total resistance"
PDTzTI,372,413,2018,10.1002/adma.201705745,Advanced Materials,CCCCCCCCC(CCCCCC)Cn1c(=O)c2ccsc2c2sc(-c3nc4c(=O)n(CC(CCCCCC)CCCCCCCC)c(=O)c5ccsc5c4s3)nc2c1=O,7.0,1.1,3.35,,TG/BC,,,50.0,Cytop,,4.4,Au/Cr,Al,Spin coating - annealing,300.0,CTL-809M : CT-SOLV180 = 2:1,,Nitrogen,n,-5.78,-3.77,,,,,0.33,0.3,47.0,1000000-10000000,0.33,"channel width (W) normalized total resistance"
PTTID-T,201,414,2018,10.1039/C8TC02705F,Journal of Material Chemical C,CCCCCCCCCCCCC(CCCCCCCCCC)CCCCCCN1C(=O)/C(=C2/C(=O)N(CCCCCCC(CCCCCCCCCC)CCCCCCCCCCCC)c3c2sc2cc(-c4cccs4)sc32)c2sc3ccsc3c21,54.3,1.85,3.6,26.4,BG/TC,100.0,1000.0,10.0,ODTS-modified SiO?,300.0,10.8,Au,n+-Si,Spin coating - annealing,150.0,Chloroform,2000.0,Vacuum,p,-5.44,-3.74,0.54,0.5,2.6,770000,,,,,0.54,""
PTTID-BT,202,415,2018,10.1039/C8TC02705F,Journal of Material Chemical C,CCCCCCCCCCCCC(CCCCCCCCCC)CCCCCCN1C(=O)/C(=C2/C(=O)N(CCCCCCC(CCCCCCCCCC)CCCCCCCCCCCC)c3c2sc2cc(-c4ccc(-c5cccs5)s4)sc32)c2sc3ccsc3c21,52.9,1.54,3.5,27.8,BG/TC,100.0,1000.0,10.0,ODTS-modified SiO?,300.0,10.8,Au,n+-Si,Spin coating - annealing,200.0,Chloroform,2000.0,Vacuum,ambipolar,-5.43,-3.74,0.027,0.025,17.9,220,0.055,0.037,97.8,170,0.055,""
PTTID-TT,203,416,2018,10.1039/C8TC02705F,Journal of Material Chemical C,CCCCCCCCCCCCC(CCCCCCCCCC)CCCCCCN1C(=O)/C(=C2/C(=O)N(CCCCCCC(CCCCCCCCCC)CCCCCCCCCCCC)c3c2sc2cc(-c4cc5sccc5s4)sc32)c2sc3ccsc3c21,30.8,1.34,3.5,30.2,BG/TC,100.0,1000.0,10.0,ODTS-modified SiO?,300.0,10.8,Au,n+-Si,Spin coating - annealing,200.0,Chloroform,2000.0,Vacuum,p,-5.45,-3.77,0.066,0.06,4.6,770000,,,,,0.066,""
PTTID-TVT,204,417,2018,10.1039/C8TC02705F,Journal of Material Chemical C,CCCCCCCCCCCCC(CCCCCCCCCC)CCCCCCN1C(=O)/C(=C2/C(=O)N(CCCCCCC(CCCCCCCCCC)CCCCCCCCCCCC)c3c2sc2cc(-c4ccc(/C=C/c5cccs5)s4)sc32)c2sc3ccsc3c21,36.6,1.41,3.5,27.6,BG/TC,100.0,1000.0,10.0,ODTS-modified SiO?,300.0,10.8,Au,n+-Si,Spin coating - annealing,200.0,Chloroform,2000.0,Vacuum,p,-5.47,-3.51,0.044,0.042,12.9,1900,,,,,0.044,""
PTTID-SVS,205,418,2018,10.1039/C8TC02705F,Journal of Material Chemical C,CCCCCCCCCCCCC(CCCCCCCCCC)CCCCCCN1C(=O)/C(=C2/C(=O)N(CCCCCCC(CCCCCCCCCC)CCCCCCCCCCCC)c3c2sc2cc(-c4ccc(/C=C/c5ccc[se]5)[se]4)sc32)c2sc3ccsc3c21,26.9,1.39,3.5,27.1,BG/TC,100.0,1000.0,10.0,ODTS-modified SiO?,300.0,10.8,Au,n+-Si,Spin coating - annealing,200.0,Chloroform,2000.0,Vacuum,p,-5.48,-3.72,0.046,0.043,20.9,680,,,,,0.046,""
PTTID-T,201,419,2018,10.1039/C8TC02705F,Journal of Material Chemical C,CCCCCCCCCCCCC(CCCCCCCCCC)CCCCCCN1C(=O)/C(=C2/C(=O)N(CCCCCCC(CCCCCCCCCC)CCCCCCCCCCCC)c3c2sc2cc(-c4cccs4)sc32)c2sc3ccsc3c21,54.3,1.85,3.6,30.3,BG/TC,100.0,1000.0,10.0,ODTS-modified SiO?,300.0,10.8,Au,n+-Si,Spin coating,,Chloroform,2000.0,Vacuum,p,-5.44,-3.74,0.19,0.16,2.5,55000,,,,,0.19,""
PTTID-BT,202,420,2018,10.1039/C8TC02705F,Journal of Material Chemical C,CCCCCCCCCCCCC(CCCCCCCCCC)CCCCCCN1C(=O)/C(=C2/C(=O)N(CCCCCCC(CCCCCCCCCC)CCCCCCCCCCCC)c3c2sc2cc(-c4ccc(-c5cccs5)s4)sc32)c2sc3ccsc3c21,52.9,1.54,3.6,29.7,BG/TC,100.0,1000.0,10.0,ODTS-modified SiO?,300.0,10.8,Au,n+-Si,Spin coating,,Chloroform,2000.0,Vacuum,ambipolar,-5.43,-3.74,0.01,0.0081,1.3,960,0.019,0.017,85.7,1900,0.019,""
PTTID-TT,203,421,2018,10.1039/C8TC02705F,Journal of Material Chemical C,CCCCCCCCCCCCC(CCCCCCCCCC)CCCCCCN1C(=O)/C(=C2/C(=O)N(CCCCCCC(CCCCCCCCCC)CCCCCCCCCCCC)c3c2sc2cc(-c4cc5sccc5s4)sc32)c2sc3ccsc3c21,30.8,1.34,3.6,32.2,BG/TC,100.0,1000.0,10.0,ODTS-modified SiO?,300.0,10.8,Au,n+-Si,Spin coating,,Chloroform,2000.0,Vacuum,p,-5.45,-3.77,0.004,0.0034,34.4,55000,,,,,0.004,""
PTTID-TVT,204,422,2018,10.1039/C8TC02705F,Journal of Material Chemical C,CCCCCCCCCCCCC(CCCCCCCCCC)CCCCCCN1C(=O)/C(=C2/C(=O)N(CCCCCCC(CCCCCCCCCC)CCCCCCCCCCCC)c3c2sc2cc(-c4ccc(/C=C/c5cccs5)s4)sc32)c2sc3ccsc3c21,36.6,1.41,3.5,29.9,BG/TC,100.0,1000.0,10.0,ODTS-modified SiO?,300.0,10.8,Au,n+-Si,Spin coating,,Chloroform,2000.0,Vacuum,p,-5.47,-3.51,0.016,0.015,3.9,10000,,,,,0.016,""
PTTID-SVS,205,423,2018,10.1039/C8TC02705F,Journal of Material Chemical C,CCCCCCCCCCCCC(CCCCCCCCCC)CCCCCCN1C(=O)/C(=C2/C(=O)N(CCCCCCC(CCCCCCCCCC)CCCCCCCCCCCC)c3c2sc2cc(-c4ccc(/C=C/c5ccc[se]5)[se]4)sc32)c2sc3ccsc3c21,26.9,1.39,3.6,32.9,BG/TC,100.0,1000.0,10.0,ODTS-modified SiO?,300.0,10.8,Au,n+-Si,Spin coating,,Chloroform,2000.0,Vacuum,p,-5.48,-3.72,0.014,0.013,8.2,920,,,,,0.014,""
PDIID-T,206,424,2016,10.1021/acs.macromol.6b00006,Macromolecules,CCCCCCCCCCCCN1C(=O)/C(=C2/C(=O)N(CCCC(CCCCCCCCCC)CCCCCCCCCC)c3ccccc32)c2ccc3c4c(ccc3c21)/C(=C1\C(=O)N(CCCC(CCCCCCCCCC)CCCCCCCCCC)c2cc(-c3cccs3)ccc21)C(=O)N4CCCCCCCCCCCC,52.4,1.63,,,TG/BC,80.0,5600.0,70.0,PMMA,550.0,5.5,Au,Au,Spin coating - annealing,200.0,o-DCB,,Ambient,ambipolar,-5.16,-3.66,0.0011,0.00094,-11.0,<10,0.0062,0.0037,11.0,10-100,0.0037,""
PDIID-TT,207,425,2016,10.1021/acs.macromol.6b00006,Macromolecules,CCCCCCCCCCCCN1C(=O)/C(=C2/C(=O)N(CCCC(CCCCCCCCCC)CCCCCCCCCC)c3ccccc32)c2ccc3c4c(ccc3c21)/C(=C1\C(=O)N(CCCC(CCCCCCCCCC)CCCCCCCCCC)c2cc(-c3ccc(-c5cccs5)s3)ccc21)C(=O)N4CCCCCCCCCCCC,82.1,2.07,3.6,24.52,BG/TC,100.0,3000.0,30.0,ODMS-modified SiO?,300.0,10.0,Au,n+-Si,Spin coating,,o-DCB,,Ambient,p,-5.16,-3.58,0.56,0.48,6.0,~1000,0.015,0.013,63.5,1000-10000,0.56,""
PDIID-TT,207,426,2016,10.1021/acs.macromol.6b00006,Macromolecules,CCCCCCCCCCCCN1C(=O)/C(=C2/C(=O)N(CCCC(CCCCCCCCCC)CCCCCCCCCC)c3ccccc32)c2ccc3c4c(ccc3c21)/C(=C1\C(=O)N(CCCC(CCCCCCCCCC)CCCCCCCCCC)c2cc(-c3ccc(-c5cccs5)s3)ccc21)C(=O)N4CCCCCCCCCCCC,82.1,2.07,3.6,24.52,BG/TC,100.0,3000.0,30.0,ODMS-modified SiO?,300.0,10.0,Au,n+-Si,Spin coating - annealing,200.0,o-DCB,,Ambient,p,-5.16,-3.58,1.55,1.29,5.0,1000-10000,0.021,0.018,43.0,100-1000,1.55,""
PDIID-TT,207,427,2016,10.1021/acs.macromol.6b00006,Macromolecules,CCCCCCCCCCCCN1C(=O)/C(=C2/C(=O)N(CCCC(CCCCCCCCCC)CCCCCCCCCC)c3ccccc32)c2ccc3c4c(ccc3c21)/C(=C1\C(=O)N(CCCC(CCCCCCCCCC)CCCCCCCCCC)c2cc(-c3ccc(-c5cccs5)s3)ccc21)C(=O)N4CCCCCCCCCCCC,82.1,2.07,3.6,24.52,TG/BC,80.0,5600.0,70.0,PMMA,550.0,5.5,Au,Au,Spin coating - annealing,200.0,o-DCB,,Ambient,ambipolar,-5.16,-3.58,0.41,0.34,-16.5,~100,0.18,0.14,45.5,~100,0.41,""
PDIID-TVT1,208,428,2016,10.1021/acs.macromol.6b00006,Macromolecules,CCCCCCCCCCCCN1C(=O)/C(=C2/C(=O)N(CCCC(CCCCCCCCCC)CCCCCCCCCC)c3ccccc32)c2ccc3c4c(ccc3c21)/C(=C1\C(=O)N(CCCC(CCCCCCCCCC)CCCCCCCCCC)c2cc(-c3ccc(/C=C/c5cccs5)s3)ccc21)C(=O)N4CCCCCCCCCCCC,46.2,5.31,3.73,23.67,BG/TC,100.0,3000.0,30.0,ODMS-modified SiO?,300.0,10.0,Au,n+-Si,Spin coating,,o-DCB,,Ambient,p,-5.24,-3.58,0.67,0.49,-6.5,1000-10000,0.00097,0.00085,50.0,1000-10000,0.67,""
PDIID-TVT1,208,429,2016,10.1021/acs.macromol.6b00006,Macromolecules,CCCCCCCCCCCCN1C(=O)/C(=C2/C(=O)N(CCCC(CCCCCCCCCC)CCCCCCCCCC)c3ccccc32)c2ccc3c4c(ccc3c21)/C(=C1\C(=O)N(CCCC(CCCCCCCCCC)CCCCCCCCCC)c2cc(-c3ccc(/C=C/c5cccs5)s3)ccc21)C(=O)N4CCCCCCCCCCCC,46.2,5.31,3.73,23.67,BG/TC,100.0,3000.0,30.0,ODMS-modified SiO?,300.0,10.0,Au,n+-Si,Spin coating - annealing,200.0,o-DCB,,Ambient,p,-5.24,-3.58,1.79,1.47,3.0,10000-100000,0.087,0.058,46.0,1000-10000,1.79,""
PDIID-TVT1,208,430,2016,10.1021/acs.macromol.6b00006,Macromolecules,CCCCCCCCCCCCN1C(=O)/C(=C2/C(=O)N(CCCC(CCCCCCCCCC)CCCCCCCCCC)c3ccccc32)c2ccc3c4c(ccc3c21)/C(=C1\C(=O)N(CCCC(CCCCCCCCCC)CCCCCCCCCC)c2cc(-c3ccc(/C=C/c5cccs5)s3)ccc21)C(=O)N4CCCCCCCCCCCC,46.2,5.31,3.73,23.67,TG/BC,80.0,5600.0,70.0,PMMA,550.0,5.5,Au,Au,Spin coating - annealing,200.0,o-DCB,,Ambient,ambipolar,-5.24,-3.58,0.45,0.36,-14.5,10-100,0.16,0.11,42.0,10-100,0.45,""
PDIID-TVT2,209,431,2016,10.1021/acs.macromol.6b00006,Macromolecules,CCCCCCCCCCCCC(CCCCCCCCCC)CN1C(=O)/C(=C2/C(=O)N(CCCCCCCCCCCC)c3c2ccc2c4c(ccc32)/C(=C2\C(=O)N(CC(CCCCCCCCCC)CCCCCCCCCCCC)c3cc(-c5ccc(/C=C/c6cccs6)s5)ccc32)C(=O)N4CCCCCCCCCCCC)c2ccccc21,35.5,7.18,3.83,23.05,BG/TC,100.0,3000.0,30.0,ODMS-modified SiO?,300.0,10.0,Au,n+-Si,Spin coating,,o-DCB,,Ambient,p,-5.38,-3.71,0.2,0.15,-6.5,100000-1000000,0.0017,0.0016,28.0,1000-10000,0.2,""
PDIID-TVT2,209,432,2016,10.1021/acs.macromol.6b00006,Macromolecules,CCCCCCCCCCCCC(CCCCCCCCCC)CN1C(=O)/C(=C2/C(=O)N(CCCCCCCCCCCC)c3c2ccc2c4c(ccc32)/C(=C2\C(=O)N(CC(CCCCCCCCCC)CCCCCCCCCCCC)c3cc(-c5ccc(/C=C/c6cccs6)s5)ccc32)C(=O)N4CCCCCCCCCCCC)c2ccccc21,35.5,7.18,3.83,23.05,BG/TC,100.0,3000.0,30.0,ODMS-modified SiO?,300.0,10.0,Au,n+-Si,Spin coating - annealing,200.0,o-DCB,,Ambient,p,-5.38,-3.71,0.75,0.62,-1.5,10000-100000,0.018,0.017,24.5,1000-10000,0.75,""
PDIID-TVT2,209,433,2016,10.1021/acs.macromol.6b00006,Macromolecules,CCCCCCCCCCCCC(CCCCCCCCCC)CN1C(=O)/C(=C2/C(=O)N(CCCCCCCCCCCC)c3c2ccc2c4c(ccc32)/C(=C2\C(=O)N(CC(CCCCCCCCCC)CCCCCCCCCCCC)c3cc(-c5ccc(/C=C/c6cccs6)s5)ccc32)C(=O)N4CCCCCCCCCCCC)c2ccccc21,35.5,7.18,3.83,23.05,TG/BC,80.0,5600.0,70.0,PMMA,550.0,5.5,Au,Au,Spin coating - annealing,290.0,o-DCB,,Ambient,ambipolar,-5.38,-3.71,0.32,0.27,-35.0,~100,0.071,0.051,40.0,~1000,0.32,""
FVTI-BT,210,434,2018,10.1021/acs.macromol.8b01297,Macromolecules,CCCCCCCCCCCCC(CCCCCCCCCC)CN1C(=O)/C(=C\c2cc(F)c(/C=C/c3sc(/C=C4\C(=O)N(CC(CCCCCCCCCC)CCCCCCCCCCCC)c5cc(-c6ccc(-c7cccs7)s6)ccc54)cc3F)s2)c2ccccc21,52.0,1.85,3.52,19.7,BG/TC,50.0,1400.0,28.0,OTS-modified SiO2,300.0,10.0,Au,n+-Si,Spin coating - annealing,120.0,o-DCB,2500.0,Ambient,p,-5.25,-3.36,0.33,0.24,9.4,10000-1000000  ,,,,,0.33,""
FVTI-BTF,211,435,2018,10.1021/acs.macromol.8b01297,Macromolecules,CCCCCCCCCCCCC(CCCCCCCCCC)CN1C(=O)/C(=C\c2cc(F)c(/C=C/c3sc(/C=C4\C(=O)N(CC(CCCCCCCCCC)CCCCCCCCCCCC)c5cc(-c6cc(F)c(-c7sccc7F)s6)ccc54)cc3F)s2)c2ccccc21,28.2,1.5,3.51,19.9,BG/TC,50.0,1400.0,28.0,OTS-modified SiO2,300.0,10.0,Au,n+-Si,Spin coating - annealing,120.0,o-DCB,2500.0,Ambient,p,-5.35,-3.39,0.39,0.26,-1.6,100000-10000000  ,,,,,0.39,""
FVTI-TVT,212,436,2018,10.1021/acs.macromol.8b01297,Macromolecules,CCCCCCCCCCCCC(CCCCCCCCCC)CN1C(=O)/C(=C\c2cc(F)c(/C=C/c3sc(/C=C4\C(=O)N(CC(CCCCCCCCCC)CCCCCCCCCCCC)c5cc(-c6ccc(/C=C/c7cccs7)s6)ccc54)cc3F)s2)c2ccccc21,47.5,2.81,3.5,24.8,BG/TC,50.0,1400.0,28.0,OTS-modified SiO2,300.0,10.0,Au,n+-Si,Spin coating - annealing,120.0,o-DCB,2500.0,Ambient,p,-5.2,-3.36,0.3,0.21,8.2,10000-1000000  ,,,,,0.3,""
FVTI-TVTF,213,437,2018,10.1021/acs.macromol.8b01297,Macromolecules,CCCCCCCCCCCCC(CCCCCCCCCC)CN1C(=O)/C(=C\c2cc(F)c(/C=C/c3sc(/C=C4\C(=O)N(CC(CCCCCCCCCC)CCCCCCCCCCCC)c5cc(-c6cc(F)c(/C=C/c7sccc7F)s6)ccc54)cc3F)s2)c2ccccc21,33.5,1.49,3.55,24.8,BG/TC,50.0,1400.0,28.0,OTS-modified SiO2,300.0,10.0,Au,n+-Si,Spin coating - annealing,120.0,o-DCB,2500.0,Ambient,p,-5.27,-3.43,0.48,0.31,6.9,10000-1000000  ,,,,,0.48,""
FVTAI-TVT,214,438,2018,10.1021/acs.macromol.8b01297,Macromolecules,CCCCCCCCCCCCC(CCCCCCCCCC)CN1C(=O)/C(=C\c2cc(F)c(/C=C/c3sc(/C=C4\C(=O)N(CC(CCCCCCCCCC)CCCCCCCCCCCC)c5nc(-c6ccc(/C=C/c7cccs7)s6)ccc54)cc3F)s2)c2cccnc21,36.6,1.63,3.5,19.1,BG/TC,50.0,1400.0,28.0,OTS-modified SiO2,300.0,10.0,Au,n+-Si,Spin coating - annealing,160.0,o-DCB,2500.0,Ambient,p,-5.82,-3.89,0.47,0.37,6.3,100000-100000000  ,,,,,0.47,""
FVTAI-TVTF,215,439,2018,10.1021/acs.macromol.8b01297,Macromolecules,CCCCCCCCCCCCC(CCCCCCCCCC)CN1C(=O)/C(=C\c2cc(F)c(/C=C/c3sc(/C=C4\C(=O)N(CC(CCCCCCCCCC)CCCCCCCCCCCC)c5nc(-c6cc(F)c(/C=C/c7sccc7F)s6)ccc54)cc3F)s2)c2cccnc21,22.9,1.69,3.5,19.1,BG/TC,50.0,1400.0,28.0,OTS-modified SiO2,300.0,10.0,Au,n+-Si,Spin coating - annealing,240.0,o-DCB,2500.0,Ambient,p,-5.99,-3.93,0.31,0.19,4.9,10000-10000000  ,,,,,0.31,""
VDTOI-TVT,216,440,2016,10.1039/C5PY01500F,Polymer Chemistry,CCCCCCCCCCCCC(CCCCCCCCCC)CN1C(=O)/C(=C\c2ccc(/C=C/c3ccc(/C=C4\C(=O)N(CC(CCCCCCCCCC)CCCCCCCCCCCC)c5cc(-c6ccc(/C=C/c7cccs7)s6)ccc54)s3)s2)c2ccccc21,36.8,1.82,,,BG/BC,10.0,1400.0,140.0,PTS-modified SiO2,300.0,10.0,Au,n+-Si,Spin coating,,o-DCB,2000.0,Ambient,p,-5.41,-3.34,0.11,0.08,10.51,"1,000,000-10,000,000",,,,,0.11,""
VDTOI-SVS,217,441,2016,10.1039/C5PY01500F,Polymer Chemistry,CCCCCCCCCCCCC(CCCCCCCCCC)CN1C(=O)/C(=C\c2ccc(/C=C/c3ccc(/C=C4\C(=O)N(CC(CCCCCCCCCC)CCCCCCCCCCCC)c5cc(-c6ccc(/C=C/c7ccc[se]7)[se]6)ccc54)s3)s2)c2ccccc21,24.6,1.9,,,BG/BC,10.0,1400.0,140.0,PTS-modified SiO2,300.0,10.0,Au,n+-Si,Spin coating - annealing,300.0,o-DCB,2000.0,Ambient,p,-5.4,-3.62,0.35,0.21,8.55,"1,000,000-10,000,000",,,,,0.35,""
VDTOI-TVT,216,442,2016,10.1039/C5PY01500F,Polymer Chemistry,CCCCCCCCCCCCC(CCCCCCCCCC)CN1C(=O)/C(=C\c2ccc(/C=C/c3ccc(/C=C4\C(=O)N(CC(CCCCCCCCCC)CCCCCCCCCCCC)c5cc(-c6ccc(/C=C/c7cccs7)s6)ccc54)s3)s2)c2ccccc21,36.8,1.82,3.71,21.5,BG/BC,10.0,1400.0,140.0,PTS-modified SiO2,300.0,10.0,Au,n+-Si,Spin coating,,o-DCB,2000.0,Ambient,p,-5.41,-3.34,0.015,0.01,2.1,"1,000,000-10,000,000",,,,,0.015,""
VDTOI-SVS,217,443,2016,10.1039/C5PY01500F,Polymer Chemistry,CCCCCCCCCCCCC(CCCCCCCCCC)CN1C(=O)/C(=C\c2ccc(/C=C/c3ccc(/C=C4\C(=O)N(CC(CCCCCCCCCC)CCCCCCCCCCCC)c5cc(-c6ccc(/C=C/c7ccc[se]7)[se]6)ccc54)s3)s2)c2ccccc21,24.6,1.9,,,BG/BC,10.0,1400.0,140.0,PTS-modified SiO2,300.0,10.0,Au,n+-Si,Spin coating - annealing,300.0,o-DCB,2000.0,Ambient,p,-5.4,-3.62,0.037,0.021,1.2,"1,000,000-10,000,000",,,,,0.037,""
HBI-P1,218,444,2015,10.1039/C5TC00447K,Journal of Material Chemical C,CCCCCCCCCCC(CCCCCCCC)CN1C(=O)/C(=N\N=C2/C(=O)N(CC(CCCCCCCC)CCCCCCCCCC)c3cc(-c4ccc(-c5cccs5)s4)ccc32)c2ccccc21,40.0,2.23,3.75,19.4,BG/BC,30.0,1000.0,33.3,DDTS-modified SiO2,300.0,11.6,Au,n++-Si,Spin coating - annealing,100.0,Chloroform,3000.0,Nitrogen,ambipolar,-5.6,-4.0,0.056,0.041,-49.3,,0.0086,0.0063,51.3,,0.056,""
HBI-P1,219,445,2015,10.1039/C5TC00447K,Journal of Material Chemical C,CCCCCCCCCCC(CCCCCCCC)CN1C(=O)/C(=N\N=C2/C(=O)N(CC(CCCCCCCC)CCCCCCCCCC)c3cc(-c4ccc(-c5cccs5)s4)ccc32)c2ccccc21,40.0,2.23,3.75,19.4,BG/BC,30.0,1000.0,33.3,DDTS-modified SiO3,300.0,11.6,Au,n++-Si,Spin coating - annealing,100.0,Chloroform,3000.0,Nitrogen,ambipolar,-5.6,-4.0,0.068,0.058,-23.8,,0.016,0.011,55.2,,0.068,""
HBI-P2,218,446,2015,10.1039/C5TC00447K,Journal of Material Chemical C,CCCCCCCCCCCCC(CCCCCCCCCC)CN1C(=O)/C(=N\N=C2/C(=O)N(CC(CCCCCCCCCC)CCCCCCCCCCCC)c3cc(-c4ccc(-c5cccs5)s4)ccc32)c2ccccc21,49.8,1.76,3.75,22.8,BG/BC,30.0,1000.0,33.3,DDTS-modified SiO2,300.0,11.6,Au,n++-Si,Spin coating - annealing,200.0,Chloroform,3000.0,Nitrogen,ambipolar,-5.6,-4.0,0.1,0.058,-57.9,,0.0086,0.0066,55.4,,0.1,""
HBI-P2,219,447,2015,10.1039/C5TC00447K,Journal of Material Chemical C,CCCCCCCCCCCCC(CCCCCCCCCC)CN1C(=O)/C(=N\N=C2/C(=O)N(CC(CCCCCCCCCC)CCCCCCCCCCCC)c3cc(-c4ccc(-c5cccs5)s4)ccc32)c2ccccc21,49.8,1.76,3.75,22.8,BG/BC,30.0,1000.0,33.3,DDTS-modified SiO3,300.0,11.6,Au,n++-Si,Spin coating - annealing,200.0,Chloroform,3000.0,Nitrogen,ambipolar,-5.6,-4.0,0.11,0.08,-38.1,,0.023,0.016,52.0,,0.11,""
HBI-P1,218,448,2015,10.1039/C5TC00447K,Journal of Material Chemical C,CCCCCCCCCCC(CCCCCCCC)CN1C(=O)/C(=N\N=C2/C(=O)N(CC(CCCCCCCC)CCCCCCCCCC)c3cc(-c4ccc(-c5cccs5)s4)ccc32)c2ccccc21,40.0,2.23,3.75,19.4,BG/BC,30.0,1000.0,33.3,DDTS-modified SiO2,300.0,11.6,Au,n++-Si,Spin coating - annealing,150.0,Chloroform,3000.0,Nitrogen,ambipolar,-5.6,-4.0,0.1,0.056,-52.0,,0.011,0.009,50.9,,0.1,""
HBI-P2,219,449,2015,10.1039/C5TC00447K,Journal of Material Chemical C,CCCCCCCCCCCCC(CCCCCCCCCC)CN1C(=O)/C(=N\N=C2/C(=O)N(CC(CCCCCCCCCC)CCCCCCCCCCCC)c3cc(-c4ccc(-c5cccs5)s4)ccc32)c2ccccc21,49.8,1.76,3.75,22.8,BG/BC,30.0,1000.0,33.3,DDTS-modified SiO3,300.0,11.6,Au,n++-Si,Spin coating - annealing,250.0,Chloroform,3000.0,Nitrogen,ambipolar,-5.6,-4.0,0.085,0.06,-48.4,,0.035,0.027,46.9,,0.085,""
PBIID1-BT,220,450,2019,10.1039/C9TC02021G,Journal of Material Chemical C,CCCCCCCCCCCCC(CCCCCCCCCC)CN1C(=O)/C(=C2/C(=O)N(CC(CCCCCCCCCC)CCCCCCCCCCCC)c3c2ccc2c4c(ccc32)/C(=C2\C(=O)N(CC(CCCCCCCCCC)CCCCCCCCCCCC)c3cc(-c5ccc(-c6cccs6)s5)ccc32)C(=O)N4CC(CCCCCCCCCC)CCCCCCCCCCCC)c2ccccc21,38.4,2.8,3.84,24.26,BG/TC,100.0,1000.0,10.0,Cytop-treated SiO2,300.0,,Au,n-Si,Spin coating,,Chloroform,4000.0,Ambient,p,-5.57,-3.64,,,,,,,,,0.0,""
PBIID2-BT,221,451,2019,10.1039/C9TC02021G,Journal of Material Chemical C,CCCCCCCCCCCCC(CCCCCCCCCC)CN1C(=O)/C(=C2/C(=O)N(CCCCCCCCCCCC)c3c2ccc2c4c(ccc32)/C(=C2\C(=O)N(CC(CCCCCCCCCC)CCCCCCCCCCCC)c3cc(-c5ccc(-c6cccs6)s5)ccc32)C(=O)N4CCCCCCCCCCCC)c2ccccc21,33.1,3.2,3.64,25.31,BG/TC,100.0,1000.0,10.0,Cytop-treated SiO2,300.0,,Au,n-Si,Spin coating,,Chloroform,4000.0,Ambient,ambipolar,-5.62,-3.65,0.061,0.035,-38.0,100-1000,0.13,0.11,60.0,100-1000,0.13,""
PBAID1-BT,222,452,2019,10.1039/C9TC02021G,Journal of Material Chemical C,CCCCCCCCCCCCC(CCCCCCCCCC)CN1C(=O)/C(=C2/C(=O)N(CC(CCCCCCCCCC)CCCCCCCCCCCC)c3c2ccc2c4c(ccc32)/C(=C2\C(=O)N(CC(CCCCCCCCCC)CCCCCCCCCCCC)c3nc(-c5ccc(-c6cccs6)s5)ccc32)C(=O)N4CC(CCCCCCCCCC)CCCCCCCCCCCC)c2cccnc21,39.5,2.5,3.85,24.5,BG/TC,100.0,1000.0,10.0,Cytop-treated SiO2,300.0,,Au,n-Si,Spin coating,,Chloroform,4000.0,Ambient,p,-5.65,-3.69,0.0059,0.005,-11.0,100-1000,,,,,0.0059,""
PBAID2-BT,223,453,2019,10.1039/C9TC02021G,Journal of Material Chemical C,CCCCCCCCCCCCC(CCCCCCCCCC)CN1C(=O)/C(=C2/C(=O)N(CCCCCCCCCCCC)c3c2ccc2c4c(ccc32)/C(=C2\C(=O)N(CC(CCCCCCCCCC)CCCCCCCCCCCC)c3nc(-c5ccc(-c6cccs6)s5)ccc32)C(=O)N4CCCCCCCCCCCC)c2cccnc21,46.8,2.3,3.65,26.18,BG/TC,100.0,1000.0,10.0,Cytop-treated SiO2,300.0,,Au,n-Si,Spin coating,,Chloroform,4000.0,Ambient,ambipolar,-5.61,-3.68,1.33,0.81,-23.0,100-1000,0.31,0.29,66.0,100-1000,1.33,""
PBAID3-BT,224,454,2019,10.1039/C9TC02021G,Journal of Material Chemical C,CCCCCCCCCCCCN1C(=O)/C(=C2/C(=O)N(CCCC(CCCCCCCCCC)CCCCCCCCCC)c3ncccc32)c2ccc3c4c(ccc3c21)/C(=C1\C(=O)N(CCCC(CCCCCCCCCC)CCCCCCCCCC)c2nc(-c3ccc(-c5cccs5)s3)ccc21)C(=O)N4CCCCCCCCCCCC,42.3,2.7,3.6,28.18,BG/TC,100.0,1000.0,10.0,Cytop-treated SiO2,300.0,,Au,n-Si,Spin coating,,Chloroform,4000.0,Ambient,ambipolar,-5.64,-3.67,0.97,0.86,-28.0,100-1000,0.61,0.54,62.0,100-1000,0.97,""
PBAID3-2FBT,225,455,2019,10.1039/C9TC02021G,Journal of Material Chemical C,CCCCCCCCCCCCN1C(=O)/C(=C2/C(=O)N(CCCC(CCCCCCCCCC)CCCCCCCCCC)c3ncccc32)c2ccc3c4c(ccc3c21)/C(=C1\C(=O)N(CCCC(CCCCCCCCCC)CCCCCCCCCC)c2nc(-c3cc(F)c(-c5sccc5F)s3)ccc21)C(=O)N4CCCCCCCCCCCC,40.6,2.6,3.56,26.46,BG/TC,100.0,1000.0,10.0,Cytop-treated SiO2,300.0,,Au,n-Si,Spin coating,,Chloroform,4000.0,Ambient,ambipolar,-5.66,-3.7,0.93,0.76,-36.0,1000-10000,0.86,0.8,61.0,1000-10000,0.93,""
PBIID1-BT,220,456,2019,10.1039/C9TC02021G,Journal of Material Chemical C,CCCCCCCCCCCCC(CCCCCCCCCC)CN1C(=O)/C(=C2/C(=O)N(CC(CCCCCCCCCC)CCCCCCCCCCCC)c3c2ccc2c4c(ccc32)/C(=C2\C(=O)N(CC(CCCCCCCCCC)CCCCCCCCCCCC)c3cc(-c5ccc(-c6cccs6)s5)ccc32)C(=O)N4CC(CCCCCCCCCC)CCCCCCCCCCCC)c2ccccc21,38.4,2.8,3.84,24.26,BG/TC,100.0,1000.0,10.0,Cytop-treated SiO2,300.0,,Au,n-Si,Spin coating - annealing,200.0,Chloroform,4000.0,Ambient,p,-5.57,-3.64,0.01,0.0078,-4.0,100-1000,,,,,0.01,""
PBIID2-BT,221,457,2019,10.1039/C9TC02021G,Journal of Material Chemical C,CCCCCCCCCCCCC(CCCCCCCCCC)CN1C(=O)/C(=C2/C(=O)N(CCCCCCCCCCCC)c3c2ccc2c4c(ccc32)/C(=C2\C(=O)N(CC(CCCCCCCCCC)CCCCCCCCCCCC)c3cc(-c5ccc(-c6cccs6)s5)ccc32)C(=O)N4CCCCCCCCCCCC)c2ccccc21,33.1,3.2,3.64,25.31,BG/TC,100.0,1000.0,10.0,Cytop-treated SiO2,300.0,,Au,n-Si,Spin coating - annealing,200.0,Chloroform,4000.0,Ambient,ambipolar,-5.62,-3.65,0.37,0.32,-15.0,100-1000,0.071,0.055,73.0,100-1000,0.37,""
PBAID1-BT,222,458,2019,10.1039/C9TC02021G,Journal of Material Chemical C,CCCCCCCCCCCCC(CCCCCCCCCC)CN1C(=O)/C(=C2/C(=O)N(CC(CCCCCCCCCC)CCCCCCCCCCCC)c3c2ccc2c4c(ccc32)/C(=C2\C(=O)N(CC(CCCCCCCCCC)CCCCCCCCCCCC)c3nc(-c5ccc(-c6cccs6)s5)ccc32)C(=O)N4CC(CCCCCCCCCC)CCCCCCCCCCCC)c2cccnc21,39.5,2.5,3.85,24.5,BG/TC,100.0,1000.0,10.0,Cytop-treated SiO2,300.0,,Au,n-Si,Spin coating - annealing,200.0,Chloroform,4000.0,Ambient,p,-5.65,-3.69,0.018,0.014,-11.0,100,,,,,0.018,""
PBAID2-BT,223,459,2019,10.1039/C9TC02021G,Journal of Material Chemical C,CCCCCCCCCCCCC(CCCCCCCCCC)CN1C(=O)/C(=C2/C(=O)N(CCCCCCCCCCCC)c3c2ccc2c4c(ccc32)/C(=C2\C(=O)N(CC(CCCCCCCCCC)CCCCCCCCCCCC)c3nc(-c5ccc(-c6cccs6)s5)ccc32)C(=O)N4CCCCCCCCCCCC)c2cccnc21,46.8,2.3,3.65,26.18,BG/TC,100.0,1000.0,10.0,Cytop-treated SiO2,300.0,,Au,n-Si,Spin coating - annealing,200.0,Chloroform,4000.0,Ambient,ambipolar,-5.61,-3.68,1.05,0.84,-22.0,100-1000,0.39,0.3,61.0,100-1000,1.05,""
PBAID3-BT,224,460,2019,10.1039/C9TC02021G,Journal of Material Chemical C,CCCCCCCCCCCCN1C(=O)/C(=C2/C(=O)N(CCCC(CCCCCCCCCC)CCCCCCCCCC)c3ncccc32)c2ccc3c4c(ccc3c21)/C(=C1\C(=O)N(CCCC(CCCCCCCCCC)CCCCCCCCCC)c2nc(-c3ccc(-c5cccs5)s3)ccc21)C(=O)N4CCCCCCCCCCCC,42.3,2.7,3.6,28.18,BG/TC,100.0,1000.0,10.0,Cytop-treated SiO2,300.0,,Au,n-Si,Spin coating - annealing,200.0,Chloroform,4000.0,Ambient,ambipolar,-5.64,-3.67,1.19,1.01,-26.0,100-1000,0.88,0.72,61.0,100-1000,1.19,""
PBAID3-2FBT,225,461,2019,10.1039/C9TC02021G,Journal of Material Chemical C,CCCCCCCCCCCCN1C(=O)/C(=C2/C(=O)N(CCCC(CCCCCCCCCC)CCCCCCCCCC)c3ncccc32)c2ccc3c4c(ccc3c21)/C(=C1\C(=O)N(CCCC(CCCCCCCCCC)CCCCCCCCCC)c2nc(-c3cc(F)c(-c5sccc5F)s3)ccc21)C(=O)N4CCCCCCCCCCCC,40.6,2.6,3.56,26.46,BG/TC,100.0,1000.0,10.0,Cytop-treated SiO2,300.0,,Au,n-Si,Spin coating - annealing,200.0,Chloroform,4000.0,Ambient,ambipolar,-5.66,-3.7,1.54,1.31,-31.0,1000-10000,1.37,1.31,55.0,1000-10000,1.54,""
PBIID2-BT,221,462,2019,10.1039/C9TC02021G,Journal of Material Chemical C,CCCCCCCCCCCCC(CCCCCCCCCC)CN1C(=O)/C(=C2/C(=O)N(CCCCCCCCCCCC)c3c2ccc2c4c(ccc32)/C(=C2\C(=O)N(CC(CCCCCCCCCC)CCCCCCCCCCCC)c3cc(-c5ccc(-c6cccs6)s5)ccc32)C(=O)N4CCCCCCCCCCCC)c2ccccc21,33.1,3.2,3.64,25.31,BG/TC,100.0,1000.0,10.0,Cytop-treated SiO2,300.0,,Au,n-Si,Spin coating - annealing,260.0,Chloroform,4000.0,Ambient,p,-5.62,-3.65,0.29,0.27,-8.0,100-1000,0.083,0.08,61.0,100-1000,0.29,""
PBAID2-BT,223,463,2019,10.1039/C9TC02021G,Journal of Material Chemical C,CCCCCCCCCCCCC(CCCCCCCCCC)CN1C(=O)/C(=C2/C(=O)N(CCCCCCCCCCCC)c3c2ccc2c4c(ccc32)/C(=C2\C(=O)N(CC(CCCCCCCCCC)CCCCCCCCCCCC)c3nc(-c5ccc(-c6cccs6)s5)ccc32)C(=O)N4CCCCCCCCCCCC)c2cccnc21,46.8,2.3,3.65,26.18,BG/TC,100.0,1000.0,10.0,Cytop-treated SiO2,300.0,,Au,n-Si,Spin coating - annealing,260.0,Chloroform,4000.0,Ambient,ambipolar,-5.61,-3.68,0.7,0.56,-30.0,100-1000,0.94,0.75,74.0,100-1000,0.94,""
PBAID3-BT,224,464,2019,10.1039/C9TC02021G,Journal of Material Chemical C,CCCCCCCCCCCCN1C(=O)/C(=C2/C(=O)N(CCCC(CCCCCCCCCC)CCCCCCCCCC)c3ncccc32)c2ccc3c4c(ccc3c21)/C(=C1\C(=O)N(CCCC(CCCCCCCCCC)CCCCCCCCCC)c2nc(-c3ccc(-c5cccs5)s3)ccc21)C(=O)N4CCCCCCCCCCCC,42.3,2.7,3.6,28.18,BG/TC,100.0,1000.0,10.0,Cytop-treated SiO2,300.0,,Au,n-Si,Spin coating - annealing,260.0,Chloroform,4000.0,Ambient,ambipolar,-5.64,-3.67,1.66,1.39,-22.0,100-1000,0.61,0.5,68.0,100-1000,1.66,""
PBAID3-2FBT,225,465,2019,10.1039/C9TC02021G,Journal of Material Chemical C,CCCCCCCCCCCCN1C(=O)/C(=C2/C(=O)N(CCCC(CCCCCCCCCC)CCCCCCCCCC)c3ncccc32)c2ccc3c4c(ccc3c21)/C(=C1\C(=O)N(CCCC(CCCCCCCCCC)CCCCCCCCCC)c2nc(-c3cc(F)c(-c5sccc5F)s3)ccc21)C(=O)N4CCCCCCCCCCCC,40.6,2.6,3.56,26.46,BG/TC,100.0,1000.0,10.0,Cytop-treated SiO2,300.0,,Au,n-Si,Spin coating - annealing,260.0,Chloroform,4000.0,Ambient,ambipolar,-5.66,-3.7,1.68,1.48,-35.0,1000-10000,1.33,1.19,54.0,1000-10000,1.68,""
PBAID2-BT,223,466,2019,10.1039/C9TC02021G,Journal of Material Chemical C,CCCCCCCCCCCCC(CCCCCCCCCC)CN1C(=O)/C(=C2/C(=O)N(CCCCCCCCCCCC)c3c2ccc2c4c(ccc32)/C(=C2\C(=O)N(CC(CCCCCCCCCC)CCCCCCCCCCCC)c3nc(-c5ccc(-c6cccs6)s5)ccc32)C(=O)N4CCCCCCCCCCCC)c2cccnc21,46.8,2.3,3.65,26.18,BG/TC,100.0,1000.0,10.0,Cytop-treated SiO2,300.0,,Au,n-Si,Spin coating - annealing,290.0,Chloroform,4000.0,Ambient,ambipolar,-5.61,-3.68,0.67,0.49,-6.0,100-1000,0.045,0.037,64.0,100-1000,0.67,""
PDIO-BT,226,467,2018,10.1039/C7CC08603B,Chemical Communication,CCCCCCCCCCCCC(CCCCCCCCCC)CN1C(=O)/C(=C2/C(=O)N(CC(CCCCCCCCCC)CCCCCCCCCCCC)c3cc4c(cc32)c(=O)c2cc3c(cc24)c(=O)c2cc4c(cc23)N(CC(CCCCCCCCCC)CCCCCCCCCCCC)C(=O)/C4=C2/C(=O)N(CC(CCCCCCCCCC)CCCCCCCCCCCC)c3cc(-c4ccc(-c5cccs5)s4)ccc32)c2ccccc21,35.0,2.54,3.52,23.3,TG/BC,80.0,5600.0,70.0,PMMA,600.0,4.6,Au,Au,Spin coating - annealing,200.0,o-DCB,1000.0,Ambient,ambipolar,-5.47,-3.79,0.055,0.047,-38.0,100000,0.069,0.061,37.0,100000,0.069,""
PDIO-TVT,227,468,2018,10.1039/C7CC08603B,Chemical Communication,CCCCCCCCCCCCC(CCCCCCCCCC)CN1C(=O)/C(=C2/C(=O)N(CC(CCCCCCCCCC)CCCCCCCCCCCC)c3cc4c(cc32)c(=O)c2cc3c(cc24)c(=O)c2cc4c(cc23)N(CC(CCCCCCCCCC)CCCCCCCCCCCC)C(=O)/C4=C2/C(=O)N(CC(CCCCCCCCCC)CCCCCCCCCCCC)c3cc(-c4ccc(/C=C/c5cccs5)s4)ccc32)c2ccccc21,26.0,1.99,,24.2,TG/BC,80.0,5600.0,70.0,PMMA,600.0,4.6,Au,Au,Spin coating - annealing,250.0,o-DCB,1000.0,Ambient,ambipolar,-5.39,-3.77,0.1,0.087,-36.0,100000,0.14,0.11,39.0,100000,0.14,""
PDIO-BT,226,469,2018,10.1039/C7CC08603B,Chemical Communication,CCCCCCCCCCCCC(CCCCCCCCCC)CN1C(=O)/C(=C2/C(=O)N(CC(CCCCCCCCCC)CCCCCCCCCCCC)c3cc4c(cc32)c(=O)c2cc3c(cc24)c(=O)c2cc4c(cc23)N(CC(CCCCCCCCCC)CCCCCCCCCCCC)C(=O)/C4=C2/C(=O)N(CC(CCCCCCCCCC)CCCCCCCCCCCC)c3cc(-c4ccc(-c5cccs5)s4)ccc32)c2ccccc21,35.0,2.54,3.52,23.3,TG/BC,80.0,5600.0,70.0,PMMA,600.0,4.6,Au,Au,Spin coating - annealing,200.0,o-DCB,1000.0,Ambient,ambipolar,-5.47,-3.79,0.034,0.031,-35.0,100000,0.06,0.056,36.0,100000,0.06,""
PDIO-TVT,227,470,2018,10.1039/C7CC08603B,Chemical Communication,CCCCCCCCCCCCC(CCCCCCCCCC)CN1C(=O)/C(=C2/C(=O)N(CC(CCCCCCCCCC)CCCCCCCCCCCC)c3cc4c(cc32)c(=O)c2cc3c(cc24)c(=O)c2cc4c(cc23)N(CC(CCCCCCCCCC)CCCCCCCCCCCC)C(=O)/C4=C2/C(=O)N(CC(CCCCCCCCCC)CCCCCCCCCCCC)c3cc(-c4ccc(/C=C/c5cccs5)s4)ccc32)c2ccccc21,26.0,1.99,,24.2,TG/BC,80.0,5600.0,70.0,PMMA,600.0,4.6,Au,Au,Spin coating - annealing,250.0,o-DCB,1000.0,Ambient,ambipolar,-5.39,-3.77,0.046,0.042,-33.0,100000,0.096,0.083,38.0,100000,0.096,""
PIDOTT-T,228,471,2019,10.1039/C9TC03556G,Journal of Material Chemical C,CCCCCCCCCCCCCCCCCCC(CCCCCCCCCCCCCCCCCC)CCCN1C(=O)/C(=C2\C=C3C(=C/C(=C4\C(=O)N(CCCC(CCCCCCCCCCCCCCCCCC)CCCCCCCCCCCCCCCCCC)c5cc(-c6cccs6)ccc54)S3(=O)=O)S2(=O)=O)c2ccccc21,47.9,2.6,,,TG/BC,80.0,5600.0,70.0,PMMA,600.0,4.6,Au,Al,Spin coating - annealing,200.0,o-DCB,1000.0,Ambient,n,-6.0,-4.04,,,,,0.29,0.26,9.0,100000,0.29,""
PIDOTT-TT,229,472,2019,10.1039/C9TC03556G,Journal of Material Chemical C,CCCCCCCCCCCCCCCCCCC(CCCCCCCCCCCCCCCCCC)CCCN1C(=O)/C(=C2\C=C3C(=C/C(=C4\C(=O)N(CCCC(CCCCCCCCCCCCCCCCCC)CCCCCCCCCCCCCCCCCC)c5cc(-c6cc7sccc7s6)ccc54)S3(=O)=O)S2(=O)=O)c2ccccc21,28.6,2.26,,34.3,TG/BC,80.0,5600.0,70.0,PMMA,600.0,4.6,Au,Al,Spin coating - annealing,200.0,o-DCB,1000.0,Ambient,n,-5.95,-4.03,,,,,0.38,0.34,8.0,100000,0.38,""
PIDOTT-BT,230,473,2019,10.1039/C9TC03556G,Journal of Material Chemical C,CCCCCCCCCCCCCCCCCCC(CCCCCCCCCCCCCCCCCC)CCCN1C(=O)/C(=C2\C=C3C(=C/C(=C4\C(=O)N(CCCC(CCCCCCCCCCCCCCCCCC)CCCCCCCCCCCCCCCCCC)c5cc(-c6ccc(-c7cccs7)s6)ccc54)S3(=O)=O)S2(=O)=O)c2ccccc21,19.8,2.33,,32.6,TG/BC,80.0,5600.0,70.0,PMMA,600.0,4.6,Au,Al,Spin coating - annealing,200.0,o-DCB,1000.0,Ambient,n,-5.91,-4.05,,,,,0.45,0.41,5.0,100000,0.45,""
PIDOBT-TT,231,474,2019,10.1039/C9TC03556G,Journal of Material Chemical C,CCCCCCCCCCCCCCCCCCC(CCCCCCCCCCCCCCCCCC)CCCN1C(=O)/C(=C2\C=CC(=C3C=C/C(=C4\C(=O)N(CCCC(CCCCCCCCCCCCCCCCCC)CCCCCCCCCCCCCCCCCC)c5cc(-c6cc7sccc7s6)ccc54)S3(=O)=O)S2(=O)=O)c2ccccc21,37.8,2.35,,34.3,TG/BC,80.0,5600.0,70.0,PMMA,600.0,4.6,Au,Al,Spin coating - annealing,200.0,o-DCB,1000.0,Ambient,n,-5.92,-4.13,,,,,0.004,0.002,6.0,10000,0.004,""
PQuBTV,232,475,2017,10.1039/C6PY01729K,Polymer Chemistry,C=Cc1ccc2c(c1)/C(=c1/ccc(=c3cc/c(=C4\C(=O)N(CC(CCCCCCCCCC)CCCCCCCCCCCC)c5ccc(-c6ccccc6)cc54)s3)s1)C(=O)N2CC(CCCCCCCCCC)CCCCCCCCCCCC,5.5,2.45,3.51,,TG/BC,20.0,1000.0,50.0,PMMA,,6.0,Ni/Au,Al,Spin coating,,o-DCB,,Nitrogen,ambipolar,-5.08,-3.79,0.00038,0.000326,,,0.00035,0.000316,,,0.00038,""
PQuBTV,232,476,2017,10.1039/C6PY01729K,Polymer Chemistry,C=Cc1ccc2c(c1)/C(=c1/ccc(=c3cc/c(=C4\C(=O)N(CC(CCCCCCCCCC)CCCCCCCCCCCC)c5ccc(-c6ccccc6)cc54)s3)s1)C(=O)N2CC(CCCCCCCCCC)CCCCCCCCCCCC,5.5,2.45,3.51,,TG/BC,20.0,1000.0,50.0,PMMA,,6.0,Ni/Au,Al,Spin coating - annealing,200.0,o-DCB,,Nitrogen,ambipolar,-5.08,-3.79,0.52,0.25,-53.2,4000,0.53,0.32,47.3,7000,0.53,""
PITT,233,477,2019,10.1021/acs.macromol.9b00370,Macromolecules,CCCCCCCCCCCCC(CCCCCCCCCC)CCCN1C(=O)/C(=c2\cc3s/c(=C4/C(=O)N(CCCC(CCCCCCCCCC)CCCCCCCCCCCC)c5cc(-c6cc7sccc7s6)ccc54)cc3s2)c2ccccc21,13.6,3.5,3.4,27.6,BG/TC,150.0,1000.0,6.7,OTS-modified SiO2,,,Au,n-Si,Spin coating - annealing,200.0,Chlorobenzene,1500.0,Nitrogen,p,-5.19,-3.63,,0.077,-28.2,1000-10000,,,,,0.077,""
PIQTT,234,478,2019,10.1021/acs.macromol.9b00370,Macromolecules,CCCCCCCCCCCCC(CCCCCCCCCC)CCCN1C(=O)/C(=C2/C(=O)N(CCCC(CCCCCCCCCC)CCCCCCCCCCCC)c3cc(-c4cc5sccc5s4)ccc32)c2ccccc21,51.6,1.2,3.4,25.3,BG/TC,150.0,1000.0,6.7,OTS-modified SiO2,,,Au,n-Si,Spin coating - annealing,200.0,Chlorobenzene,1500.0,Nitrogen,p,-5.24,-3.36,,0.024,-26.7,10000,,,,,0.024,""
PITT,233,479,2019,10.1021/acs.macromol.9b00370,Macromolecules,CCCCCCCCCCCCC(CCCCCCCCCC)CCCN1C(=O)/C(=c2\cc3s/c(=C4/C(=O)N(CCCC(CCCCCCCCCC)CCCCCCCCCCCC)c5cc(-c6cc7sccc7s6)ccc54)cc3s2)c2ccccc21,13.6,3.5,3.4,27.6,BG/TC,150.0,1000.0,6.7,OTS-modified SiO2,,,Au,n-Si,Spin coating - annealing,300.0,Chlorobenzene,1500.0,Nitrogen,p,-5.19,-3.63,,0.2,-3.8,100000,,,,,0.2,""
PIQTT,234,480,2019,10.1021/acs.macromol.9b00370,Macromolecules,CCCCCCCCCCCCC(CCCCCCCCCC)CCCN1C(=O)/C(=C2/C(=O)N(CCCC(CCCCCCCCCC)CCCCCCCCCCCC)c3cc(-c4cc5sccc5s4)ccc32)c2ccccc21,51.6,1.2,3.4,25.3,BG/TC,150.0,1000.0,6.7,OTS-modified SiO2,,,Au,n-Si,Spin coating - annealing,300.0,Chlorobenzene,1500.0,Nitrogen,p,-5.24,-3.36,,0.13,-10.4,10000-100000,,,,,0.13,""
PQ-BT,235,481,2021,10.1021/acs.macromol.1c00124,Macromolecules,CCCCCCCCCCCCCCCCCCC(CCCCCCCCCCCCCCCCCC)CCCN1C(=O)/C(=c2\ccc(=C3C4=C(C(=O)N3CCC(C)CC)/C(=c3\cc/c(=C5\C(=O)N(CCCC(CCCCCCCCCCCCCCCCCC)CCCCCCCCCCCCCCCCCC)c6ccccc65)s3)N(CCC(C)CC)C4=O)s2)c2ccc(-c3ccc(-c4cccs4)s3)cc21,28.1,3.3,3.5,28.0,TG/BC,50.0,5600.0,112.0,CYTOP,900.0,4.6,Au,Al,Spin coating - annealing,250.0,o-DCB,2000.0,Ambient,ambipolar,-5.15,-3.79,0.24,0.17,-8.0,10000,0.16,0.14,10.0,10000,0.24,""
PQ-FBT,236,482,2021,10.1021/acs.macromol.1c00124,Macromolecules,CCCCCCCCCCCCCCCCCCC(CCCCCCCCCCCCCCCCCC)CCCN1C(=O)/C(=c2\ccc(=C3C4=C(C(=O)N3CCC(C)CC)/C(=c3\cc/c(=C5\C(=O)N(CCCC(CCCCCCCCCCCCCCCCCC)CCCCCCCCCCCCCCCCCC)c6ccccc65)s3)N(CCC(C)CC)C4=O)s2)c2ccc(-c3cc(F)c(-c4sccc4F)s3)cc21,26.8,3.9,3.5,28.0,TG/BC,50.0,5600.0,112.0,CYTOP,900.0,4.6,Au,Al,Spin coating - annealing,250.0,o-DCB,2000.0,Ambient,ambipolar,-5.24,-3.82,0.2,0.13,-10.0,10000,0.18,0.16,9.0,10000,0.2,""
PQ-MeOBT,237,483,2021,10.1021/acs.macromol.1c00124,Macromolecules,CCCCCCCCCCCCCCCCCCC(CCCCCCCCCCCCCCCCCC)CCCN1C(=O)/C(=c2\ccc(=C3C4=C(C(=O)N3CCC(C)CC)/C(=c3\cc/c(=C5\C(=O)N(CCCC(CCCCCCCCCCCCCCCCCC)CCCCCCCCCCCCCCCCCC)c6ccccc65)s3)N(CCC(C)CC)C4=O)s2)c2ccc(-c3cc(OC)c(-c4sccc4OC)s3)cc21,11.4,3.4,3.5,28.0,TG/BC,50.0,5600.0,112.0,CYTOP,900.0,4.6,Au,Al,Spin coating - annealing,250.0,o-DCB,2000.0,Ambient,ambipolar,-4.83,-3.73,0.18,0.15,-5.0,10000,0.14,0.1,10.0,10000,0.18,""
PFQ-BT,238,484,2021,10.1021/acs.macromol.1c00124,Macromolecules,CCCCCCCCCCCCCCCCCCC(CCCCCCCCCCCCCCCCCC)CCCN1C(=O)/C(=c2\cc/c(=C3\C4=C(C(=O)N3CCC(C)CC)C(=c3cc/c(=C5\C(=O)N(CCCC(CCCCCCCCCCCCCCCCCC)CCCCCCCCCCCCCCCCCC)c6c5ccc(-c5ccc(-c7cccs7)s5)c6F)s3)N(CCC(C)CC)C4=O)s2)c2cccc(F)c21,27.4,3.9,3.5,28.0,TG/BC,50.0,5600.0,112.0,CYTOP,900.0,4.6,Au,Al,Spin coating - annealing,250.0,o-DCB,2000.0,Ambient,ambipolar,-5.19,-3.9,0.24,0.16,-3.0,10000,0.14,0.13,8.0,10000,0.24,""
PFQ-FBT,239,485,2021,10.1021/acs.macromol.1c00124,Macromolecules,CCCCCCCCCCCCCCCCCCC(CCCCCCCCCCCCCCCCCC)CCCN1C(=O)/C(=c2\cc/c(=C3\C4=C(C(=O)N3CCC(C)CC)C(=c3cc/c(=C5\C(=O)N(CCCC(CCCCCCCCCCCCCCCCCC)CCCCCCCCCCCCCCCCCC)c6c5ccc(-c5cc(F)c(-c7sccc7F)s5)c6F)s3)N(CCC(C)CC)C4=O)s2)c2cccc(F)c21,25.9,4.0,3.5,28.0,TG/BC,50.0,5600.0,112.0,CYTOP,900.0,4.6,Au,Al,Spin coating - annealing,250.0,o-DCB,2000.0,Ambient,ambipolar,-5.29,-3.94,0.22,0.17,-10.0,10000,0.11,0.1,2.0,10000,0.22,""
PFQ-MeOBT,240,486,2021,10.1021/acs.macromol.1c00124,Macromolecules,CCCCCCCCCCCCCCCCCCC(CCCCCCCCCCCCCCCCCC)CCCN1C(=O)/C(=c2\cc/c(=C3\C4=C(C(=O)N3CCC(C)CC)C(=c3cc/c(=C5\C(=O)N(CCCC(CCCCCCCCCCCCCCCCCC)CCCCCCCCCCCCCCCCCC)c6c5ccc(-c5cc(OC)c(-c7sccc7OC)s5)c6F)s3)N(CCC(C)CC)C4=O)s2)c2cccc(F)c21,10.4,3.4,3.5,28.0,TG/BC,50.0,5600.0,112.0,CYTOP,900.0,4.6,Au,Al,Spin coating - annealing,250.0,o-DCB,2000.0,Ambient,ambipolar,-4.89,-3.82,0.17,0.12,-6.0,10000,0.13,0.09,3.0,10000,0.17,""
PMQBT-BT,241,487,2020,10.1039/D0TC02199G,Journal of Material Chemical C,CCCCCCCCCCCCCCC(CCCCCCCCCCCCCC)CCCN1C(=O)/C(=c2/sc(=c3s/c(=C4/C(=O)N(CCCC(CCCCCCCCCCCCCC)CCCCCCCCCCCCCC)c5cc(-c6ccc(-c7cccs7)s6)ccc54)c(OC)c3OC)c(OC)c2OC)c2ccccc21,13.9,2.07,3.7,27.73,TG/BC,20.0,4500.0,225.0,PMMA,900.0,,Au,Al,Spin coating - annealing,160.0,o-DCB,4000.0,Ambient,p,-5.31,-3.95,0.1,0.08,-6.0,1000,,,,,0.1,""
P2FMQBT-BT,242,488,2020,10.1039/D0TC02199G,Journal of Material Chemical C,CCCCCCCCCCCCCCC(CCCCCCCCCCCCCC)CCCN1C(=O)/C(=c2/sc(=c3s/c(=C4/C(=O)N(CCCC(CCCCCCCCCCCCCC)CCCCCCCCCCCCCC)c5c4ccc(-c4ccc(-c6cccs6)s4)c5F)c(OC)c3OC)c(OC)c2OC)c2cccc(F)c21,55.9,1.35,3.82,24.65,TG/BC,20.0,4500.0,225.0,PMMA,900.0,,Au,Al,Spin coating - annealing,200.0,o-DCB,4000.0,Ambient,p,-5.35,-3.96,0.91,0.8,-9.0,10000,,,,,0.91,""
PMQBT-DFBT,243,489,2020,10.1039/D0TC02199G,Journal of Material Chemical C,CCCCCCCCCCCCCCC(CCCCCCCCCCCCCC)CCCN1C(=O)/C(=c2/sc(=c3s/c(=C4/C(=O)N(CCCC(CCCCCCCCCCCCCC)CCCCCCCCCCCCCC)c5cc(-c6cc(F)c(-c7sccc7F)s6)ccc54)c(OC)c3OC)c(OC)c2OC)c2ccccc21,172.7,1.59,3.67,25.35,TG/BC,20.0,4500.0,225.0,PMMA,900.0,,Au,Al,Spin coating - annealing,240.0,o-DCB,4000.0,Ambient,p,-5.32,-3.92,1.35,1.2,-19.0,10000,,,,,1.35,""
P2FMQBT-DFBT,244,490,2020,10.1039/D0TC02199G,Journal of Material Chemical C,CCCCCCCCCCCCCCC(CCCCCCCCCCCCCC)CCCN1C(=O)/C(=c2/sc(=c3s/c(=C4/C(=O)N(CCCC(CCCCCCCCCCCCCC)CCCCCCCCCCCCCC)c5c4ccc(-c4cc(F)c(-c6sccc6F)s4)c5F)c(OC)c3OC)c(OC)c2OC)c2cccc(F)c21,100.8,1.98,3.59,25.35,TG/BC,20.0,4500.0,225.0,PMMA,900.0,,Au,Al,Spin coating - annealing,220.0,o-DCB,4000.0,Ambient,p,-5.43,-3.97,2.7,1.4,-20.0,10000,,,,,2.7,""
PDPPy-Se,401,491,2020,10.1002/adfm.202000489,Advanced Functional Materials,CCCCCCCCCCC(CCCCCCCC)CN1C(=O)C2=C(c3ccc(-c4ccc[se]4)cn3)N(CC(CCCCCCCC)CCCCCCCCCC)C(=O)C2=C1c1ccccn1,409.1,2.34,3.62,,TG/BC,,,,Cytop,1000.0,1.9,Cr/Au,Al,Spin coating - annealing,100.0,Chloroform,3000.0,Argon,ambipolar,-5.75,-4.03,0.17,0.092,,,0.69,0.4,,,0.69,""
PDPPy-Se,401,492,2020,10.1002/adfm.202000489,Advanced Functional Materials,CCCCCCCCCCC(CCCCCCCC)CN1C(=O)C2=C(c3ccc(-c4ccc[se]4)cn3)N(CC(CCCCCCCC)CCCCCCCCCC)C(=O)C2=C1c1ccccn1,409.1,2.34,3.62,,TG/BC,,,,Cytop,1000.0,1.9,Cr/Au,Al,Spin coating - annealing,150.0,Chloroform,3000.0,Argon,ambipolar,-5.75,-4.03,0.28,0.1,,,1.1,0.8,,,1.1,""
PDPPy-Se,401,493,2020,10.1002/adfm.202000489,Advanced Functional Materials,CCCCCCCCCCC(CCCCCCCC)CN1C(=O)C2=C(c3ccc(-c4ccc[se]4)cn3)N(CC(CCCCCCCC)CCCCCCCCCC)C(=O)C2=C1c1ccccn1,409.1,2.34,3.62,,TG/BC,,,,Cytop,1000.0,1.9,Cr/Au,Al,Spin coating - annealing,200.0,Chloroform,3000.0,Argon,ambipolar,-5.75,-4.03,0.58,0.27,,,0.56,0.33,,,0.56,""
PDPP[T]2-T,402,494,2015,10.1002/adfm.201404540,Advanced Functional Materials,CCCCCCCCC(CCCCCC)CN1C(=O)C2=C(c3ccc(-c4cccs4)s3)N(CC(CCCCCC)CCCCCCCC)C(=O)C2=C1c1cccs1,34.2,3.1,3.86,19.16,BG/BC,10.0,10000.0,1000.0,OTS-modified SiO2,230.0,15.0,Au,n+-Si,Spin coating,,Chloroform,5000.0,Nitrogen,p,-5.75,-3.69,0.114,0.094,,100,,,,,0.114,""
PDPP[T]2-TF2,403,495,2015,10.1002/adfm.201404540,Advanced Functional Materials,CCCCCCCCC(CCCCCC)CN1C(=O)C2=C(c3ccc(-c4scc(F)c4F)s3)N(CC(CCCCCC)CCCCCCCC)C(=O)C2=C1c1cccs1,40.8,4.0,3.65,19.83,BG/BC,10.0,10000.0,1000.0,OTS-modified SiO2,230.0,15.0,Au,n+-Si,Spin coating,,Chloroform,5000.0,Nitrogen,ambipolar,-5.91,-3.7,0.12,0.1,,100,0.07,0.06,,100,0.12,""
PDPP[Py]2-T,404,496,2015,10.1002/adfm.201404540,Advanced Functional Materials,CCCCCCCCCCCCC(CCCCCCCCCC)CN1C(=O)C2=C(c3ccc(-c4cccs4)cn3)N(CC(CCCCCCCCCC)CCCCCCCCCCCC)C(=O)C2=C1c1ccccn1,19.6,2.8,3.91,19.05,BG/BC,10.0,10000.0,1000.0,OTS-modified SiO2,230.0,15.0,Au,n+-Si,Spin coating,,Chloroform,5000.0,Nitrogen,n,-6.08,-3.78,,,,,0.033,0.03,,1000000,0.033,""
PDPP[Py]2-TF2,405,497,2015,10.1002/adfm.201404540,Advanced Functional Materials,CCCCCCCCCCCCC(CCCCCCCCCC)CN1C(=O)C2=C(c3ccc(-c4scc(F)c4F)cn3)N(CC(CCCCCCCCCC)CCCCCCCCCCCC)C(=O)C2=C1c1ccccn1,12.0,2.3,3.9,18.63,BG/BC,10.0,10000.0,1000.0,OTS-modified SiO2,230.0,15.0,Au,n+-Si,Spin coating,,Chloroform,5000.0,Nitrogen,n,-6.11,-3.81,,,,,0.13,0.11,,100000,0.13,""
PDPP[Ph]2-T,406,498,2015,10.1002/adfm.201404540,Advanced Functional Materials,CCCCCCCCC(CCCCCC)CN1C(=O)C2=C(c3ccc(-c4cccs4)cc3)N(CC(CCCCCC)CCCCCCCC)C(=O)C2=C1c1ccccc1,10.7,2.4,4.04,14.94,BG/BC,10.0,10000.0,1000.0,OTS-modified SiO2,230.0,15.0,Au,n+-Si,Spin coating,,Chloroform,5000.0,Nitrogen,p,-5.97,-3.53,0.0009,0.0006,,1000000,,,,,0.0009,""
PDPP[Ph]2-TF2,407,499,2015,10.1002/adfm.201404540,Advanced Functional Materials,CCCCCCCCC(CCCCCC)CN1C(=O)C2=C(c3ccc(-c4scc(F)c4F)cc3)N(CC(CCCCCC)CCCCCCCC)C(=O)C2=C1c1ccccc1,14.4,1.6,3.9,14.62,BG/BC,10.0,10000.0,1000.0,OTS-modified SiO2,230.0,15.0,Au,n+-Si,Spin coating,,Chloroform,5000.0,Nitrogen,ambipolar,-6.04,-3.57,9.4e-05,9e-05,,100000,0.00022,0.0002,,10000,0.00022,""
PDPP[T]2-T,402,500,2015,10.1002/adfm.201404540,Advanced Functional Materials,CCCCCCCCC(CCCCCC)CN1C(=O)C2=C(c3ccc(-c4cccs4)s3)N(CC(CCCCCC)CCCCCCCC)C(=O)C2=C1c1cccs1,34.2,3.1,3.86,19.16,BG/BC,10.0,10000.0,1000.0,OTS-modified SiO2,230.0,15.0,Au,n+-Si,Spin coating - annealing,250.0,Chloroform,5000.0,Nitrogen,p,-5.75,-3.69,0.6,0.53,,100,,,,,0.6,""
PDPP[T]2-TF2,403,501,2015,10.1002/adfm.201404540,Advanced Functional Materials,CCCCCCCCC(CCCCCC)CN1C(=O)C2=C(c3ccc(-c4scc(F)c4F)s3)N(CC(CCCCCC)CCCCCCCC)C(=O)C2=C1c1cccs1,40.8,4.0,3.65,19.83,BG/BC,10.0,10000.0,1000.0,OTS-modified SiO2,230.0,15.0,Au,n+-Si,Spin coating - annealing,200.0,Chloroform,5000.0,Nitrogen,ambipolar,-5.91,-3.7,0.25,0.22,,100,0.22,0.19,,100,0.25,""
PDPP[Py]2-T,404,502,2015,10.1002/adfm.201404540,Advanced Functional Materials,CCCCCCCCCCCCC(CCCCCCCCCC)CN1C(=O)C2=C(c3ccc(-c4cccs4)cn3)N(CC(CCCCCCCCCC)CCCCCCCCCCCC)C(=O)C2=C1c1ccccn1,19.6,2.8,3.91,19.05,BG/BC,10.0,10000.0,1000.0,OTS-modified SiO2,230.0,15.0,Au,n+-Si,Spin coating - annealing,250.0,Chloroform,5000.0,Nitrogen,n,-6.08,-3.78,,,,,0.63,0.55,,1000,0.63,""
PDPP[Py]2-TF2,405,503,2015,10.1002/adfm.201404540,Advanced Functional Materials,CCCCCCCCCCCCC(CCCCCCCCCC)CN1C(=O)C2=C(c3ccc(-c4scc(F)c4F)cn3)N(CC(CCCCCCCCCC)CCCCCCCCCCCC)C(=O)C2=C1c1ccccn1,12.0,2.3,3.9,18.63,BG/BC,10.0,10000.0,1000.0,OTS-modified SiO2,230.0,15.0,Au,n+-Si,Spin coating - annealing,250.0,Chloroform,5000.0,Nitrogen,n,-6.11,-3.81,,,,,0.15,0.13,,10000,0.15,""
PDPP[Ph]2-T,406,504,2015,10.1002/adfm.201404540,Advanced Functional Materials,CCCCCCCCC(CCCCCC)CN1C(=O)C2=C(c3ccc(-c4cccs4)cc3)N(CC(CCCCCC)CCCCCCCC)C(=O)C2=C1c1ccccc1,10.7,2.4,4.04,14.94,BG/BC,10.0,10000.0,1000.0,OTS-modified SiO2,230.0,15.0,Au,n+-Si,Spin coating - annealing,100.0,Chloroform,5000.0,Nitrogen,p,-5.97,-3.53,0.0008,0.0006,,1000000,,,,,0.0008,""
PDPP[Ph]2-TF2,407,505,2015,10.1002/adfm.201404540,Advanced Functional Materials,CCCCCCCCC(CCCCCC)CN1C(=O)C2=C(c3ccc(-c4scc(F)c4F)cc3)N(CC(CCCCCC)CCCCCCCC)C(=O)C2=C1c1ccccc1,14.4,1.6,3.9,14.62,BG/BC,10.0,10000.0,1000.0,OTS-modified SiO2,230.0,15.0,Au,n+-Si,Spin coating - annealing,100.0,Chloroform,5000.0,Nitrogen,ambipolar,-6.04,-3.57,0.00015,0.0001,,10000,0.00023,0.0002,,100000,0.00023,""
PPyDPP-T,408,506,2018,10.1002/adma.201704843,Advanced Materials,CCCCCCCCCCCCC(CCCCCCCCCC)CN1C(=O)C2=C(c3cccc(-c4cccs4)n3)N(CC(CCCCCCCCCC)CCCCCCCCCCCC)C(=O)C2=C1c1ccccn1,27.2,2.92,3.6,,TG/BC,90.0,4500.0,50.0,PMMA,900.0,3.3,Au,Al,Spin coating - annealing,150.0,o-DCB,1800.0,Ambient,ambipolar,-5.33,-3.62,0.0008,0.00065,-38.0,100,0.004,0.003,37.5,100,0.004,""
PPyDPP-2FT,409,507,2018,10.1002/adma.201704843,Advanced Materials,CCCCCCCCCCCCC(CCCCCCCCCC)CN1C(=O)C2=C(c3cccc(-c4scc(F)c4F)n3)N(CC(CCCCCCCCCC)CCCCCCCCCCCC)C(=O)C2=C1c1ccccn1,20.2,1.9,3.53,,TG/BC,90.0,4500.0,50.0,PMMA,900.0,3.3,Au,Al,Spin coating - annealing,150.0,o-DCB,1800.0,Ambient,ambipolar,-5.72,-3.94,0.0003,0.0001,-59.0,10,0.021,0.018,20.0,1000,0.021,""
PQDPP-T,410,508,2018,10.1002/adma.201704843,Advanced Materials,CCCCCCCCCCCCC(CCCCCCCCCC)CN1C(=O)C2=C(c3ccc4cc(-c5cccs5)ccc4n3)N(CC(CCCCCCCCCC)CCCCCCCCCCCC)C(=O)C2=C1c1ccc2ccccc2n1,119.9,1.84,3.49,,TG/BC,90.0,4500.0,50.0,PMMA,900.0,3.3,Au,Al,Spin coating - annealing,150.0,o-DCB,1800.0,Ambient,ambipolar,-5.42,-3.68,0.5,0.39,-35.5,1000,0.72,0.61,45.8,1000,0.72,""
PQDPP-2FT,411,509,2018,10.1002/adma.201704843,Advanced Materials,CCCCCCCCCCCCC(CCCCCCCCCC)CN1C(=O)C2=C(c3ccc4cc(-c5scc(F)c5F)ccc4n3)N(CC(CCCCCCCCCC)CCCCCCCCCCCC)C(=O)C2=C1c1ccc2ccccc2n1,67.4,2.01,3.45,,TG/BC,90.0,4500.0,50.0,PMMA,900.0,3.3,Au,Al,Spin coating - annealing,150.0,o-DCB,1800.0,Ambient,n,-5.64,-3.84,0.21,0.17,-47.7,1000,6.04,5.15,35.0,100000,6.04,""
PDBPyBTz,412,510,2019,10.1021/acs.chemmater.9b00208,Chemistry of Materials,CCCCCCCCCCCCC(CCCCCCCCCC)CN1C(=O)C2=C(c3ccc(-c4cnc(-c5nccs5)s4)cn3)N(CC(CCCCCCCCCC)CCCCCCCCCCCC)C(=O)C2=C1c1ccccn1,6.9,1.71,4.17,21.1,BG/BC,50.0,2000.0,40.0,OTS-modified SiO2,300.0,11.0,Cr/Au,p+-Si,Spin coating - annealing,150.0,Chloroform,1500.0,Nitrogen,n,-5.45,-3.84,,,,,0.019,0.017,20.1,1000-10000,0.019,""
PDBPyBTz,412,511,2019,10.1021/acs.chemmater.9b00208,Chemistry of Materials,CCCCCCCCCCCCC(CCCCCCCCCC)CN1C(=O)C2=C(c3ccc(-c4cnc(-c5nccs5)s4)cn3)N(CC(CCCCCCCCCC)CCCCCCCCCCCC)C(=O)C2=C1c1ccccn1,6.9,1.71,4.17,21.1,BG/BC,50.0,2000.0,40.0,OTS-modified SiO2,300.0,11.0,Cr/Au,p+-Si,Spin coating ,,Chloroform,1500.0,Nitrogen,n,-5.45,-3.84,,,,,0.013,0.01,23.1,10000-100000,0.013,""
PDBPyDT2FBT,413,512,2016,10.1021/acsami.5b12050,ACS Applied Materials & Interfaces,CCCCCCCCCCCCC(CCCCCCCCCC)CN1C(=O)C2=C(c3ccc(-c4ccc(-c5c(F)c(F)c(-c6cccs6)c6nsnc56)s4)cn3)N(CC(CCCCCCCCCC)CCCCCCCCCCCC)C(=O)C2=C1c1ccccn1,58.4,1.64,3.52,21.04,BG/BC,50.0,1400.0,28.0,OTS-modified SiO2,300.0,11.0,Au,n+-Si,Spin coating - annealing,100.0,chloroform/o-DCB,2000.0,Nitrogen,ambipolar,-5.66,-4.02,0.17,0.102,-26.7,10000,0.65,0.23,23.8,10000,0.65,""
PDBPyDT2FBT,413,513,2016,10.1021/acsami.5b12050,ACS Applied Materials & Interfaces,CCCCCCCCCCCCC(CCCCCCCCCC)CN1C(=O)C2=C(c3ccc(-c4ccc(-c5c(F)c(F)c(-c6cccs6)c6nsnc56)s4)cn3)N(CC(CCCCCCCCCC)CCCCCCCCCCCC)C(=O)C2=C1c1ccccn1,58.4,1.64,3.52,21.04,BG/BC,50.0,1400.0,28.0,OTS-modified SiO2,300.0,11.0,Au,n+-Si,Spin coating,,chloroform/o-DCB,2000.0,Nitrogen,ambipolar,-5.66,-4.02,0.11,0.038,-15.6,10000,0.13,0.046,21.1,100000,0.13,""
PDPP2Py2oT,414,514,2015,10.1039/c5py00538h,Polymer Chemistry,CCCCCCCCCCC(CCCCCCCC)CN1C(=O)C2=C(c3ccc(-c4cc(OC)c(-c5sccc5OC)s4)cn3)N(CC(CCCCCCCC)CCCCCCCCCC)C(=O)C2=C1c1ccccn1,9.9,6.63,,20.8,BG/BC,50.0,1400.0,28.0,OTS-modified SiO2,300.0,11.0,Au,n+-Si,Spin coating - annealing,100.0,Chloroform,,Nitrogen,p,-5.21,-3.8,0.0295,,,,,,,,0.0295,""
PDPP2PyBDT,415,515,2015,10.1039/c5py00538h,Polymer Chemistry,CCCCCCCCCCC(CCCCCCCC)CN1C(=O)C2=C(c3ccc(-c4cc5c(-c6ccc(CC(CC)CCCC)s6)c6sccc6c(-c6ccc(CC(CC)CCCC)s6)c5s4)cn3)N(CC(CCCCCCCC)CCCCCCCCCC)C(=O)C2=C1c1ccccn1,24.1,3.13,3.7,20.5,BG/BC,50.0,1400.0,28.0,OTS-modified SiO2,300.0,11.0,Au,n+-Si,Spin coating - annealing,160.0,Chloroform,,Nitrogen,ambipolar,-5.59,-3.84,0.026,,,,0.00267,,,,0.026,""
PDPP2PyT,416,516,2015,10.1039/c5py00538h,Polymer Chemistry,CCCCCCCCCCC(CCCCCCCC)CN1C(=O)C2=C(c3ccc(-c4cccs4)cn3)N(CC(CCCCCCCC)CCCCCCCCCC)C(=O)C2=C1c1ccccn1,24.5,2.75,,18.7,BG/BC,50.0,1400.0,28.0,OTS-modified SiO2,300.0,11.0,Au,n+-Si,Spin coating - annealing,100.0,Chloroform,,Nitrogen,ambipolar,-5.65,-3.89,0.00165,,,,0.0134,,,,0.0134,""
PDPP2PyBTD,417,517,2015,10.1039/c5py00538h,Polymer Chemistry,CCCCCCCCCCC(CCCCCCCC)CN1C(=O)C2=C(c3ccc(-c4cccc5nsnc45)cn3)N(CC(CCCCCCCC)CCCCCCCCCC)C(=O)C2=C1c1ccccn1,6.1,2.49,,19.7,BG/BC,50.0,1400.0,28.0,OTS-modified SiO2,300.0,11.0,Au,n+-Si,Spin coating - annealing,100.0,Chloroform,,Nitrogen,n,-5.77,-4.01,,,,,0.00462,,,,0.00462,""
PDPP2PyNDI,418,518,2015,10.1039/c5py00538h,Polymer Chemistry,CCCCCCCCCCC(CCCCCCCC)CN1C(=O)C2=C(c3ccc(-c4cc5c6c(ccc7c6c4C(=O)N(CCCCCCCC)C7=O)C(=O)N(CCCCCCCC)C5=O)cn3)N(CC(CCCCCCCC)CCCCCCCCCC)C(=O)C2=C1c1ccccn1,15.2,2.39,,19.2,BG/BC,50.0,1400.0,28.0,OTS-modified SiO2,300.0,11.0,Au,n+-Si,Spin coating - annealing,200.0,Chloroform,,Nitrogen,n,-6.07,-4.22,,,,,0.00124,,,,0.00124,""
